Date,Close/Last,Volume,Open,High,Low
11/10/2023,$6.93,2897829,$6.77,$6.93,$6.71
11/09/2023,$6.77,3062363,$7.07,$7.10,$6.75
11/08/2023,$7.00,7892187,$6.68,$7.20,$6.485
11/07/2023,$6.70,3881024,$6.67,$6.88,$6.65
11/06/2023,$6.66,3136255,$6.81,$6.86,$6.65
11/03/2023,$6.82,2752991,$6.71,$6.89,$6.71
11/02/2023,$6.59,2891432,$6.44,$6.59,$6.41
11/01/2023,$6.36,2942287,$6.43,$6.44,$6.17
10/31/2023,$6.43,3259735,$6.32,$6.50,$6.30
10/30/2023,$6.35,3694058,$6.23,$6.37,$6.23
10/27/2023,$6.16,6960102,$6.73,$6.77,$6.16
10/26/2023,$6.73,3566738,$6.71,$6.83,$6.64
10/25/2023,$6.73,1623581,$6.66,$6.835,$6.625
10/24/2023,$6.72,2347968,$6.69,$6.79,$6.605
10/23/2023,$6.65,2841174,$6.70,$6.77,$6.5813
10/20/2023,$6.76,2233482,$6.86,$6.89,$6.7238
10/19/2023,$6.84,3645999,$6.77,$6.995,$6.71
10/18/2023,$6.79,2398371,$6.86,$6.86,$6.7303
10/17/2023,$6.89,4568240,$6.46,$7.00,$6.46
10/16/2023,$6.52,3340316,$6.29,$6.535,$6.24
10/13/2023,$6.21,2426282,$6.17,$6.22,$6.09
10/12/2023,$6.18,2983709,$6.26,$6.285,$6.09
10/11/2023,$6.28,2505931,$6.16,$6.28,$6.16
10/10/2023,$6.14,3476006,$6.28,$6.385,$6.12
10/09/2023,$6.25,1711860,$6.10,$6.28,$6.06
10/06/2023,$6.17,3367620,$6.07,$6.21,$6.00
10/05/2023,$6.11,2162984,$6.11,$6.19,$6.02
10/04/2023,$6.14,2858959,$6.10,$6.16,$6.02
10/03/2023,$6.08,2479222,$6.09,$6.19,$6.02
10/02/2023,$6.23,2970644,$6.36,$6.40,$6.18
09/29/2023,$6.38,3783685,$6.27,$6.46,$6.27
09/28/2023,$6.10,3466458,$5.96,$6.135,$5.91
09/27/2023,$5.97,6180532,$6.00,$6.02,$5.86
09/26/2023,$5.98,6758374,$6.01,$6.07,$5.94
09/25/2023,$6.03,4283849,$6.27,$6.27,$6.03
09/22/2023,$6.31,2849420,$6.39,$6.43,$6.26
09/21/2023,$6.37,3138072,$6.44,$6.48,$6.36
09/20/2023,$6.48,2149048,$6.60,$6.65,$6.48
09/19/2023,$6.55,2477474,$6.51,$6.59,$6.44
09/18/2023,$6.51,3407874,$6.72,$6.72,$6.51
09/15/2023,$6.71,4379572,$6.78,$6.85,$6.68
09/14/2023,$6.78,3282248,$6.69,$6.84,$6.69
09/13/2023,$6.62,4231471,$6.61,$6.69,$6.49
09/12/2023,$6.61,2582643,$6.55,$6.70,$6.52
09/11/2023,$6.53,3338203,$6.68,$6.74,$6.53
09/08/2023,$6.63,2539002,$6.64,$6.68,$6.56
09/07/2023,$6.61,5012737,$6.74,$6.755,$6.56
09/06/2023,$6.77,3456541,$6.91,$7.00,$6.69
09/05/2023,$6.93,3375251,$7.01,$7.07,$6.93
09/01/2023,$7.06,2626298,$6.98,$7.12,$6.97
08/31/2023,$6.89,2311126,$6.95,$7.00,$6.86
08/30/2023,$6.92,2303341,$6.93,$6.985,$6.82
08/29/2023,$6.94,2299411,$6.77,$6.97,$6.75
08/28/2023,$6.79,3172496,$6.56,$6.80,$6.54
08/25/2023,$6.51,2319198,$6.54,$6.59,$6.39
08/24/2023,$6.47,2652036,$6.48,$6.55,$6.39
08/23/2023,$6.49,3420688,$6.43,$6.52,$6.37
08/22/2023,$6.55,4337016,$6.66,$6.68,$6.47
08/21/2023,$6.73,4409517,$7.13,$7.17,$6.72
08/18/2023,$7.15,6088435,$6.95,$7.18,$6.91
08/17/2023,$7.05,10126360,$7.17,$7.205,$6.98
08/16/2023,$7.13,2782483,$7.10,$7.22,$7.03
08/15/2023,$7.07,2487374,$7.05,$7.20,$7.0325
08/14/2023,$7.17,3291990,$7.08,$7.22,$7.0401
08/11/2023,$7.15,2596403,$7.16,$7.235,$7.09
08/10/2023,$7.26,3909153,$7.25,$7.38,$7.20
08/09/2023,$7.15,3943140,$7.06,$7.395,$7.06
08/08/2023,$7.10,3836913,$7.06,$7.19,$6.96
08/07/2023,$7.06,5740340,$7.23,$7.28,$7.02
08/04/2023,$7.20,2520370,$7.22,$7.3678,$7.14
08/03/2023,$7.20,2184410,$7.12,$7.21,$7.02
08/02/2023,$7.06,2798541,$7.18,$7.20,$7.03
08/01/2023,$7.28,2469167,$7.38,$7.39,$7.22
07/31/2023,$7.42,2914215,$7.34,$7.55,$7.34
07/28/2023,$7.29,1859022,$7.34,$7.38,$7.23
07/27/2023,$7.23,2637875,$7.47,$7.495,$7.20
07/26/2023,$7.39,2173823,$7.26,$7.44,$7.21
07/25/2023,$7.24,2777090,$7.43,$7.46,$7.21
07/24/2023,$7.43,2264981,$7.40,$7.545,$7.37
07/21/2023,$7.39,2101884,$7.56,$7.59,$7.34
07/20/2023,$7.49,3825563,$7.73,$7.75,$7.38
07/19/2023,$7.73,3629495,$7.43,$7.76,$7.43
07/18/2023,$7.41,3739641,$7.16,$7.42,$7.11
07/17/2023,$7.10,2451646,$7.00,$7.18,$6.895
07/14/2023,$7.02,2603586,$7.22,$7.24,$6.95
07/13/2023,$7.21,2125490,$7.37,$7.45,$7.20
07/12/2023,$7.33,2415887,$7.36,$7.40,$7.23
07/11/2023,$7.23,3045687,$6.97,$7.235,$6.891
07/10/2023,$6.91,2105671,$6.84,$7.01,$6.78
07/07/2023,$6.80,3020565,$6.66,$6.8542,$6.63
07/06/2023,$6.65,2026837,$6.59,$6.65,$6.52
07/05/2023,$6.69,2782608,$6.76,$6.76,$6.61
07/03/2023,$6.80,1905787,$6.74,$6.90,$6.70
06/30/2023,$6.71,2872787,$6.70,$6.75,$6.60
06/29/2023,$6.63,2339024,$6.59,$6.71,$6.575
06/28/2023,$6.61,3188773,$6.69,$6.69,$6.51
06/27/2023,$6.74,1959599,$6.69,$6.79,$6.60
06/26/2023,$6.64,2336396,$6.60,$6.75,$6.60
06/23/2023,$6.56,3812978,$6.51,$6.64,$6.43
06/22/2023,$6.79,2120612,$6.86,$6.86,$6.71
06/21/2023,$6.86,3079661,$6.89,$6.93,$6.81
06/20/2023,$6.92,3356797,$7.14,$7.15,$6.89
06/16/2023,$7.20,3218882,$7.20,$7.23,$7.11
06/15/2023,$7.14,2902631,$7.04,$7.16,$6.9701
06/14/2023,$7.06,3467910,$6.99,$7.11,$6.96
06/13/2023,$6.92,2189927,$7.05,$7.08,$6.88
06/12/2023,$6.96,3115942,$6.90,$6.99,$6.77
06/09/2023,$6.85,2855953,$6.95,$6.955,$6.76
06/08/2023,$6.91,2933794,$7.12,$7.12,$6.88
06/07/2023,$7.10,3601599,$7.12,$7.245,$7.0701
06/06/2023,$7.10,3215380,$6.89,$7.12,$6.86
06/05/2023,$6.88,3123899,$7.05,$7.11,$6.80
06/02/2023,$7.12,3846401,$6.88,$7.13,$6.80
06/01/2023,$6.71,4618625,$6.60,$6.83,$6.50
05/31/2023,$6.58,4730863,$6.61,$6.63,$6.43
05/30/2023,$6.69,3791878,$6.59,$6.70,$6.47
05/26/2023,$6.51,2452681,$6.50,$6.58,$6.46
05/25/2023,$6.47,2310085,$6.59,$6.61,$6.42
05/24/2023,$6.55,4188063,$6.82,$6.865,$6.47
05/23/2023,$6.81,3998628,$6.78,$6.985,$6.74
05/22/2023,$6.81,3089342,$6.83,$6.91,$6.78
05/19/2023,$6.81,7901589,$6.90,$6.92,$6.73
05/18/2023,$7.07,3068668,$6.90,$7.10,$6.895
05/17/2023,$6.88,3520169,$6.82,$6.93,$6.76
05/16/2023,$6.80,4769829,$6.98,$7.00,$6.80
05/15/2023,$7.08,4490378,$6.96,$7.11,$6.94
05/12/2023,$6.99,6029246,$7.09,$7.13,$6.90
05/11/2023,$7.08,8095427,$7.04,$7.09,$6.84
05/10/2023,$7.03,8108434,$7.48,$7.51,$6.80
05/09/2023,$7.39,5548009,$7.27,$7.54,$7.11
05/08/2023,$7.82,3575797,$7.91,$7.96,$7.765
05/05/2023,$7.83,2055077,$7.66,$7.895,$7.61
05/04/2023,$7.51,1983361,$7.65,$7.68,$7.46
05/03/2023,$7.70,2018685,$7.60,$7.815,$7.58
05/02/2023,$7.62,3016011,$7.63,$7.66,$7.50
05/01/2023,$7.82,2529481,$8.01,$8.0794,$7.77
04/28/2023,$8.04,1541429,$7.93,$8.095,$7.90
04/27/2023,$7.95,1728171,$7.87,$8.015,$7.815
04/26/2023,$7.87,1655730,$7.80,$7.95,$7.80
04/25/2023,$7.80,2306694,$8.00,$8.0147,$7.745
04/24/2023,$8.09,1449809,$8.02,$8.1099,$7.98
04/21/2023,$8.02,1190970,$8.04,$8.05,$7.945
04/20/2023,$8.01,1132135,$8.06,$8.235,$8.00
04/19/2023,$8.16,1316927,$8.21,$8.255,$8.11
04/18/2023,$8.28,1369068,$8.28,$8.33,$8.15
04/17/2023,$8.19,1770328,$8.27,$8.30,$8.05
04/14/2023,$8.32,1141476,$8.35,$8.50,$8.25
04/13/2023,$8.29,2650700,$8.28,$8.34,$8.21
04/12/2023,$8.18,2014839,$8.39,$8.42,$8.04
04/11/2023,$8.31,1668366,$8.35,$8.38,$8.2013
04/10/2023,$8.30,2652006,$8.10,$8.30,$8.09
04/06/2023,$8.15,1758509,$8.10,$8.19,$7.96
04/05/2023,$8.17,2837072,$8.29,$8.29,$8.09
04/04/2023,$8.37,2185890,$8.50,$8.59,$8.34
04/03/2023,$8.50,3211611,$8.52,$8.615,$8.38
03/31/2023,$8.53,2530094,$8.47,$8.58,$8.4299
03/30/2023,$8.37,3901592,$8.46,$8.54,$8.34
03/29/2023,$8.36,1993335,$8.17,$8.38,$8.165
03/28/2023,$8.04,1937818,$8.05,$8.13,$7.965
03/27/2023,$8.00,2700831,$7.97,$8.05,$7.86
03/24/2023,$7.90,3211387,$7.93,$7.99,$7.82
03/23/2023,$8.00,5174414,$7.93,$8.08,$7.84
03/22/2023,$7.81,3773693,$7.78,$8.11,$7.78
03/21/2023,$7.85,2870567,$7.90,$7.96,$7.77
03/20/2023,$7.71,5271177,$7.75,$7.83,$7.55
03/17/2023,$7.71,6231277,$7.59,$7.77,$7.49
03/16/2023,$7.63,6444155,$7.23,$7.73,$7.15
03/15/2023,$7.17,6783704,$7.15,$7.22,$7.02
03/14/2023,$7.37,4036977,$7.54,$7.60,$7.335
03/13/2023,$7.26,5046100,$7.53,$7.58,$7.20
03/10/2023,$7.85,3813085,$8.15,$8.17,$7.785
03/09/2023,$8.17,2712600,$8.35,$8.41,$8.17
03/08/2023,$8.36,2783439,$8.40,$8.47,$8.255
03/07/2023,$8.39,2822169,$8.57,$8.62,$8.36
03/06/2023,$8.50,2870172,$8.94,$8.98,$8.41
03/03/2023,$8.92,2374238,$8.85,$8.96,$8.7601
03/02/2023,$8.83,1538018,$8.62,$8.89,$8.60
03/01/2023,$8.69,1617905,$8.79,$8.92,$8.64
02/28/2023,$8.80,2480958,$8.58,$8.99,$8.56
02/27/2023,$8.54,2447574,$8.69,$8.815,$8.535
02/24/2023,$8.56,1922829,$8.64,$8.695,$8.525
02/23/2023,$8.84,3147729,$8.91,$8.95,$8.64
02/22/2023,$8.86,2016441,$8.88,$9.04,$8.805
02/21/2023,$8.89,2915838,$9.15,$9.20,$8.835
02/17/2023,$9.31,2027212,$9.16,$9.40,$9.04
02/16/2023,$9.21,5505050,$9.38,$9.595,$9.21
02/15/2023,$9.58,3211556,$9.26,$9.59,$9.26
02/14/2023,$9.38,1564690,$9.33,$9.56,$9.275
02/13/2023,$9.45,2393212,$9.32,$9.51,$9.24
02/10/2023,$9.33,3228144,$9.46,$9.53,$9.25
02/09/2023,$9.61,5382793,$10.00,$10.09,$9.58
02/08/2023,$9.88,8407775,$10.96,$10.97,$9.56
02/07/2023,$10.79,2572608,$10.80,$10.96,$10.535
02/06/2023,$10.78,3012508,$10.925,$11.01,$10.66
02/03/2023,$11.12,2716434,$11.00,$11.40,$10.89
02/02/2023,$11.18,2780093,$11.29,$11.415,$11.03
02/01/2023,$11.17,3026089,$10.94,$11.275,$10.83
01/31/2023,$10.90,2085902,$10.66,$10.90,$10.62
01/30/2023,$10.65,2371647,$10.56,$10.705,$10.56
01/27/2023,$10.71,1952413,$10.43,$10.85,$10.36
01/26/2023,$10.45,2723902,$10.54,$10.62,$10.15
01/25/2023,$10.41,2488645,$10.135,$10.41,$10.03
01/24/2023,$10.34,1701835,$10.25,$10.55,$10.25
01/23/2023,$10.58,1676155,$10.38,$10.60,$10.28
01/20/2023,$10.33,2550602,$10.12,$10.345,$10.02
01/19/2023,$10.05,2085215,$10.28,$10.28,$9.89
01/18/2023,$10.46,2532372,$10.60,$10.74,$10.40
01/17/2023,$10.50,3116701,$10.22,$10.70,$10.19
01/13/2023,$10.16,2302609,$9.83,$10.26,$9.80
01/12/2023,$9.95,2074175,$9.75,$9.98,$9.635
01/11/2023,$9.72,1618650,$9.71,$9.81,$9.61
01/10/2023,$9.66,1713548,$9.38,$9.68,$9.375
01/09/2023,$9.47,1938699,$9.48,$9.6899,$9.26
01/06/2023,$9.53,1549200,$9.26,$9.58,$9.23
01/05/2023,$9.19,1713247,$9.27,$9.37,$9.10
01/04/2023,$9.40,2683365,$9.02,$9.48,$9.02
01/03/2023,$8.89,3266236,$9.05,$9.195,$8.87
12/30/2022,$8.92,2600915,$8.67,$8.965,$8.60
12/29/2022,$8.81,1753528,$8.55,$8.81,$8.49
12/28/2022,$8.47,2063031,$8.75,$8.81,$8.41
12/27/2022,$8.76,2624255,$8.57,$8.90,$8.48
12/23/2022,$8.60,1758090,$8.45,$8.64,$8.37
12/22/2022,$8.48,3184574,$8.54,$8.59,$8.29
12/21/2022,$8.63,3293802,$8.57,$8.77,$8.56
12/20/2022,$8.26,2379830,$8.30,$8.46,$8.24
12/19/2022,$8.37,2731179,$8.80,$8.80,$8.28
12/16/2022,$8.79,5621919,$8.68,$8.895,$8.65
12/15/2022,$8.77,2819338,$8.91,$8.96,$8.67
12/14/2022,$9.15,3864605,$9.20,$9.42,$9.005
12/13/2022,$9.24,3764367,$9.35,$9.46,$8.995
12/12/2022,$9.12,4102891,$8.69,$9.20,$8.57
12/09/2022,$8.36,1652086,$8.31,$8.53,$8.25
12/08/2022,$8.42,1928972,$8.33,$8.46,$8.285
12/07/2022,$8.27,2256418,$8.35,$8.42,$8.18
12/06/2022,$8.40,2675002,$8.57,$8.66,$8.295
12/05/2022,$8.53,3188122,$8.74,$8.82,$8.45
12/02/2022,$8.88,2196921,$8.62,$8.94,$8.53
12/01/2022,$8.76,3351805,$8.72,$8.975,$8.72
11/30/2022,$8.72,4286471,$8.55,$8.75,$8.39
11/29/2022,$8.55,2537671,$8.22,$8.67,$8.22
11/28/2022,$8.24,2032197,$8.35,$8.519,$8.23
11/25/2022,$8.48,1032073,$8.41,$8.49,$8.36
11/23/2022,$8.43,2195965,$8.27,$8.43,$8.25
11/22/2022,$8.33,3787849,$8.06,$8.39,$8.06
11/21/2022,$7.99,2451276,$8.17,$8.26,$7.92
11/18/2022,$8.29,2177103,$8.335,$8.4399,$8.12
11/17/2022,$8.19,1895086,$8.05,$8.24,$8.03
11/16/2022,$8.25,3907748,$8.13,$8.2999,$8.03
11/15/2022,$8.33,5893033,$8.19,$8.4575,$8.09
11/14/2022,$7.96,4315088,$8.13,$8.13,$7.84
11/11/2022,$8.14,5490694,$7.60,$8.21,$7.583
11/10/2022,$7.55,5712701,$7.20,$7.55,$7.18
11/09/2022,$6.82,4148660,$6.93,$7.21,$6.81
11/08/2022,$7.03,2335449,$7.27,$7.29,$6.945
11/07/2022,$7.23,2642783,$7.37,$7.39,$7.02
11/04/2022,$7.25,5315846,$7.06,$7.42,$7.06
11/03/2022,$6.91,7908890,$6.59,$7.29,$6.51
11/02/2022,$6.25,3763155,$6.69,$6.69,$6.22
11/01/2022,$6.66,4090766,$6.69,$6.805,$6.425
10/31/2022,$6.56,3485745,$6.40,$6.57,$6.36
10/28/2022,$6.48,2408235,$6.30,$6.485,$6.20
10/27/2022,$6.32,1930114,$6.44,$6.5217,$6.30
10/26/2022,$6.38,2507733,$6.46,$6.66,$6.37
10/25/2022,$6.53,2228400,$6.33,$6.5897,$6.33
10/24/2022,$6.31,3070365,$6.12,$6.3675,$6.04
10/21/2022,$6.09,3245083,$5.90,$6.12,$5.82
10/20/2022,$5.92,5345201,$6.20,$6.42,$5.91
10/19/2022,$6.20,2518337,$6.36,$6.42,$6.06
10/18/2022,$6.44,1994031,$6.59,$6.70,$6.375
10/17/2022,$6.40,2045431,$6.36,$6.48,$6.345
10/14/2022,$6.18,1951833,$6.46,$6.55,$6.15
10/13/2022,$6.40,2805997,$6.07,$6.50,$5.95
10/12/2022,$6.26,2526413,$6.33,$6.37,$6.23
10/11/2022,$6.33,2375527,$6.22,$6.4899,$6.175
10/10/2022,$6.22,2835896,$6.32,$6.345,$6.13
10/07/2022,$6.27,2249404,$6.39,$6.435,$6.24
10/06/2022,$6.52,2209435,$6.67,$6.77,$6.51
10/05/2022,$6.69,2079464,$6.43,$6.76,$6.38
10/04/2022,$6.59,3003690,$6.48,$6.605,$6.48
10/03/2022,$6.34,3450616,$6.04,$6.39,$5.93
09/30/2022,$5.96,7648247,$6.07,$6.31,$5.74
09/29/2022,$6.50,3434089,$6.87,$6.875,$6.42
09/28/2022,$7.00,3373525,$6.85,$7.16,$6.85
09/27/2022,$6.85,3807187,$6.90,$6.91,$6.705
09/26/2022,$6.78,6541980,$6.67,$6.79,$6.60
09/23/2022,$6.65,3553480,$6.66,$6.76,$6.50
09/22/2022,$6.79,6177582,$7.08,$7.09,$6.77
09/21/2022,$7.07,2439673,$7.32,$7.37,$7.07
09/20/2022,$7.24,3366051,$7.42,$7.475,$7.20
09/19/2022,$7.53,5454669,$7.24,$7.535,$7.20
09/16/2022,$7.31,6962674,$7.28,$7.40,$7.18
09/15/2022,$7.42,4874390,$7.65,$7.855,$7.41
09/14/2022,$7.70,3717079,$7.59,$7.76,$7.545
09/13/2022,$7.60,3624317,$7.91,$7.91,$7.58
09/12/2022,$8.17,5212605,$8.07,$8.26,$8.055
09/09/2022,$7.97,6463367,$7.90,$8.105,$7.90
09/08/2022,$7.82,5347707,$7.66,$7.86,$7.555
09/07/2022,$7.76,3494943,$7.42,$7.81,$7.39
09/06/2022,$7.41,2783999,$7.46,$7.51,$7.23
09/02/2022,$7.41,2605007,$7.66,$7.68,$7.375
09/01/2022,$7.50,3245232,$7.54,$7.57,$7.32
08/31/2022,$7.59,4284818,$7.75,$7.89,$7.57
08/30/2022,$7.74,2481496,$7.73,$7.86,$7.69
08/29/2022,$7.68,2416894,$7.67,$7.82,$7.61
08/26/2022,$7.80,4285439,$8.13,$8.22,$7.66
08/25/2022,$8.09,3469264,$8.01,$8.30,$7.97
08/24/2022,$8.02,4275804,$8.04,$8.13,$7.8797
08/23/2022,$8.00,4867540,$8.09,$8.205,$7.95
08/22/2022,$8.01,6193083,$8.16,$8.16,$7.91
08/19/2022,$8.31,5008773,$8.73,$8.75,$8.26
08/18/2022,$8.80,1827659,$8.98,$8.98,$8.75
08/17/2022,$9.01,2327157,$9.05,$9.15,$8.89
08/16/2022,$9.24,2656033,$9.10,$9.40,$9.045
08/15/2022,$9.08,2271184,$9.01,$9.12,$8.95
08/12/2022,$9.05,1978413,$8.99,$9.08,$8.8633
08/11/2022,$8.89,2395142,$8.94,$9.18,$8.855
08/10/2022,$8.75,4266969,$8.63,$8.82,$8.61
08/09/2022,$8.36,4195353,$8.68,$8.68,$8.23
08/08/2022,$8.71,2411674,$8.53,$8.8699,$8.53
08/05/2022,$8.45,2481045,$8.23,$8.6299,$8.20
08/04/2022,$8.35,2613678,$8.36,$8.395,$8.15
08/03/2022,$8.46,2669433,$8.40,$8.75,$8.30
08/02/2022,$8.25,2081840,$8.28,$8.40,$8.21
08/01/2022,$8.37,2560617,$8.16,$8.42,$8.035
07/29/2022,$8.26,2835513,$8.10,$8.28,$7.965
07/28/2022,$8.08,2171149,$7.80,$8.09,$7.685
07/27/2022,$7.81,3196554,$7.54,$7.83,$7.445
07/26/2022,$7.41,2832376,$7.70,$7.70,$7.3801
07/25/2022,$7.87,2546913,$7.95,$7.95,$7.75
07/22/2022,$7.91,2295713,$8.17,$8.17,$7.86
07/21/2022,$8.10,2160356,$8.00,$8.10,$7.87
07/20/2022,$8.07,2606043,$7.88,$8.10,$7.8394
07/19/2022,$7.86,3008273,$7.58,$7.91,$7.54
07/18/2022,$7.44,3373736,$7.57,$7.72,$7.405
07/15/2022,$7.46,2085318,$7.31,$7.49,$7.22
07/14/2022,$7.26,3039651,$7.46,$7.52,$7.22
07/13/2022,$7.58,4275330,$7.57,$7.625,$7.38
07/12/2022,$7.66,2289888,$7.59,$7.795,$7.585
07/11/2022,$7.61,2893076,$7.72,$7.86,$7.535
07/08/2022,$7.96,4117645,$7.88,$8.02,$7.765
07/07/2022,$7.87,8346645,$7.76,$7.975,$7.71
07/06/2022,$7.66,3568464,$7.92,$7.9816,$7.62
07/05/2022,$7.92,3609795,$7.51,$7.93,$7.455
07/01/2022,$7.67,4779803,$7.56,$7.71,$7.39
06/30/2022,$7.58,5395713,$7.73,$7.75,$7.42
06/29/2022,$7.81,4941592,$8.15,$8.15,$7.755
06/28/2022,$8.11,3657538,$8.39,$8.59,$8.10
06/27/2022,$8.36,4567732,$8.42,$8.51,$8.13
06/24/2022,$8.39,12467610,$8.33,$8.505,$8.28
06/23/2022,$8.21,7536413,$8.19,$8.26,$7.90
06/22/2022,$8.12,6521775,$7.91,$8.20,$7.87
06/21/2022,$8.08,9909415,$8.38,$8.46,$8.025
06/17/2022,$8.38,49896820,$8.23,$8.62,$8.095
06/16/2022,$8.16,7906169,$8.52,$8.54,$8.07
06/15/2022,$8.79,7263847,$8.79,$8.99,$8.665
06/14/2022,$8.66,4556775,$8.92,$9.04,$8.65
06/13/2022,$8.87,5086323,$9.00,$9.10,$8.785
06/10/2022,$9.34,4175381,$9.47,$9.59,$9.28
06/09/2022,$9.73,3983084,$9.95,$10.0699,$9.72
06/08/2022,$10.04,2755834,$10.00,$10.24,$9.95
06/07/2022,$10.11,3405242,$9.92,$10.195,$9.84
06/06/2022,$10.10,5626613,$10.17,$10.39,$9.97
06/03/2022,$10.08,4510005,$9.93,$10.2682,$9.88
06/02/2022,$10.06,4537973,$9.55,$10.15,$9.47
06/01/2022,$9.41,4722103,$9.86,$9.92,$9.285
05/31/2022,$9.70,6098025,$9.39,$9.80,$9.29
05/27/2022,$9.38,3757694,$9.11,$9.405,$9.10
05/26/2022,$9.13,6057088,$8.93,$9.255,$8.93
05/25/2022,$8.80,6425995,$8.21,$8.85,$8.12
05/24/2022,$8.21,5291063,$8.57,$8.57,$8.12
05/23/2022,$8.68,6054089,$8.34,$8.69,$8.1985
05/20/2022,$8.48,13925100,$8.34,$8.53,$8.0948
05/19/2022,$8.18,27893790,$9.28,$9.35,$8.12
05/18/2022,$9.71,3524897,$10.23,$10.2868,$9.635
05/17/2022,$10.43,2918056,$10.22,$10.495,$10.16
05/16/2022,$9.99,3048645,$10.07,$10.15,$9.89
05/13/2022,$10.14,5672154,$9.82,$10.31,$9.785
05/12/2022,$9.69,7050361,$9.07,$9.925,$9.07
05/11/2022,$9.19,3981127,$9.57,$9.6569,$9.18
05/10/2022,$9.59,8535993,$9.73,$9.87,$9.32
05/09/2022,$9.59,7119294,$9.71,$10.15,$9.53
05/06/2022,$9.85,24107510,$10.47,$10.65,$9.665
05/05/2022,$13.29,4199455,$14.22,$14.2499,$13.06
05/04/2022,$14.42,4453517,$14.32,$14.49,$13.765
05/03/2022,$14.24,2858440,$14.46,$14.5901,$14.025
05/02/2022,$14.42,3059855,$14.24,$14.44,$14.03
04/29/2022,$14.19,2404304,$14.26,$14.59,$14.15
04/28/2022,$14.43,2424923,$14.20,$14.60,$13.98
04/27/2022,$13.96,2845095,$13.71,$14.155,$13.59
04/26/2022,$13.74,4207824,$14.45,$14.60,$13.67
04/25/2022,$14.59,3507317,$14.28,$14.655,$14.13
04/22/2022,$14.34,3323920,$14.93,$15.085,$14.29
04/21/2022,$15.11,2594823,$15.60,$15.71,$15.015
04/20/2022,$15.33,1835605,$15.53,$15.655,$15.31
04/19/2022,$15.44,3013015,$14.84,$15.585,$14.84
04/18/2022,$14.84,2517559,$14.81,$14.965,$14.65
04/14/2022,$14.88,2604068,$15.01,$15.21,$14.86
04/13/2022,$15.00,2319537,$14.69,$15.12,$14.69
04/12/2022,$14.67,3301991,$14.80,$15.08,$14.59
04/11/2022,$14.68,2614186,$14.54,$15.015,$14.49
04/08/2022,$14.74,2368704,$14.84,$15.07,$14.675
04/07/2022,$14.84,2135729,$14.75,$14.94,$14.49
04/06/2022,$14.88,2836910,$14.89,$15.055,$14.579
04/05/2022,$15.18,2841225,$15.39,$15.62,$15.03
04/04/2022,$15.53,2676688,$15.40,$15.78,$15.315
04/01/2022,$15.39,3191505,$15.60,$15.72,$15.265
03/31/2022,$15.56,2756303,$15.94,$15.985,$15.55
03/30/2022,$16.08,2681631,$16.21,$16.27,$15.90
03/29/2022,$16.25,3367340,$16.05,$16.52,$16.04
03/28/2022,$15.85,2927985,$15.73,$15.89,$15.52
03/25/2022,$15.73,4193658,$15.62,$15.81,$15.48
03/24/2022,$15.53,1982770,$15.31,$15.62,$15.29
03/23/2022,$15.28,1883719,$15.24,$15.51,$15.16
03/22/2022,$15.39,3202088,$15.53,$15.83,$15.36
03/21/2022,$15.31,3715425,$15.51,$15.57,$15.03
03/18/2022,$15.61,5995404,$15.30,$15.785,$15.26
03/17/2022,$15.42,2854434,$15.00,$15.45,$14.87
03/16/2022,$15.19,4026244,$14.72,$15.21,$14.715
03/15/2022,$14.44,3208698,$14.25,$14.655,$14.23
03/14/2022,$14.12,4345479,$14.04,$14.39,$13.905
03/11/2022,$14.00,4051325,$13.95,$14.28,$13.90
03/10/2022,$13.83,4358015,$13.50,$13.99,$13.42
03/09/2022,$13.76,4304287,$13.66,$13.96,$13.59
03/08/2022,$13.05,3417512,$12.78,$13.53,$12.61
03/07/2022,$12.75,7165402,$14.00,$14.035,$12.67
03/04/2022,$14.09,6054135,$14.67,$14.705,$13.955
03/03/2022,$14.80,5097099,$15.34,$15.355,$14.71
03/02/2022,$15.36,2836090,$15.37,$15.53,$15.155
03/01/2022,$15.28,6190274,$15.54,$15.665,$15.18
02/28/2022,$15.63,3885660,$15.25,$15.69,$15.21
02/25/2022,$15.57,6183404,$14.91,$15.65,$14.86
02/24/2022,$14.86,7291759,$13.42,$14.92,$13.39
02/23/2022,$13.85,4310895,$14.33,$14.46,$13.79
02/22/2022,$14.24,4862344,$14.30,$14.565,$14.11
02/18/2022,$14.46,3225560,$14.49,$14.76,$14.345
02/17/2022,$14.47,4340676,$15.00,$15.26,$14.47
02/16/2022,$15.13,4124306,$15.42,$15.56,$15.02
02/15/2022,$15.54,5166963,$15.27,$15.665,$15.27
02/14/2022,$15.11,4569904,$15.36,$15.71,$15.04
02/11/2022,$15.36,10584930,$16.33,$16.49,$15.16
02/10/2022,$17.33,3903729,$17.16,$17.745,$17.07
02/09/2022,$17.46,2192642,$17.16,$17.465,$17.1001
02/08/2022,$16.94,2972710,$16.55,$17.02,$16.53
02/07/2022,$16.58,2844468,$16.50,$16.90,$16.38
02/04/2022,$16.43,3134279,$16.15,$16.525,$16.05
02/03/2022,$16.16,4318655,$16.29,$16.76,$16.14
02/02/2022,$16.56,3304497,$16.69,$17.01,$16.40
02/01/2022,$16.19,2016746,$16.12,$16.49,$15.835
01/31/2022,$15.99,2302238,$15.45,$16.01,$15.45
01/28/2022,$15.57,3423647,$15.50,$15.58,$14.95
01/27/2022,$15.49,5468875,$15.72,$16.07,$15.20
01/26/2022,$15.50,3736209,$16.09,$16.22,$15.35
01/25/2022,$15.92,3561070,$16.145,$16.145,$15.69
01/24/2022,$16.50,4753324,$15.75,$16.56,$15.51
01/21/2022,$16.09,4330761,$16.23,$16.60,$15.85
01/20/2022,$15.98,2409956,$16.21,$16.82,$15.96
01/19/2022,$16.27,3012294,$16.28,$16.60,$16.195
01/18/2022,$16.15,2296739,$16.20,$16.42,$16.05
01/14/2022,$16.18,2323941,$16.33,$16.33,$15.78
01/13/2022,$16.51,1821818,$16.68,$16.87,$16.48
01/12/2022,$16.70,2035481,$16.83,$17.17,$16.65
01/11/2022,$16.66,2342391,$16.62,$16.71,$16.27
01/10/2022,$16.68,2489280,$16.69,$16.695,$16.265
01/07/2022,$16.98,2317065,$17.57,$17.59,$16.98
01/06/2022,$17.66,1665981,$17.60,$17.77,$17.05
01/05/2022,$17.48,3046280,$18.13,$18.3478,$17.46
01/04/2022,$18.21,2498618,$18.60,$18.65,$18.14
01/03/2022,$18.07,1380287,$18.13,$18.39,$17.995
12/31/2021,$18.04,890351,$17.99,$18.125,$17.85
12/30/2021,$17.99,1479092,$17.93,$18.215,$17.90
12/29/2021,$17.94,1771123,$17.84,$18.125,$17.76
12/28/2021,$17.77,1531368,$17.74,$18.105,$17.651
12/27/2021,$17.72,2680600,$17.55,$17.88,$17.4718
12/23/2021,$17.55,2223003,$17.40,$17.62,$17.25
12/22/2021,$17.36,1863311,$17.37,$17.56,$17.19
12/21/2021,$17.46,2235527,$17.41,$17.59,$17.37
12/20/2021,$17.06,3315362,$17.49,$17.57,$16.88
12/17/2021,$17.71,5561804,$18.08,$18.15,$17.62
12/16/2021,$18.19,4315805,$18.78,$18.9602,$17.965
12/15/2021,$19.05,3258398,$18.95,$19.23,$18.515
12/14/2021,$19.01,1896827,$19.11,$19.37,$18.95
12/13/2021,$19.25,2913002,$20.02,$20.20,$19.03
12/10/2021,$20.06,1354951,$20.45,$20.54,$19.97
12/09/2021,$20.32,1480902,$20.54,$20.96,$20.30
12/08/2021,$20.66,1783120,$20.70,$20.88,$20.49
12/07/2021,$20.76,1560288,$20.62,$21.08,$20.5227
12/06/2021,$20.37,1938000,$19.955,$20.66,$19.805
12/03/2021,$19.98,3628458,$20.00,$20.16,$19.60
12/02/2021,$19.96,2664012,$19.64,$20.04,$19.17
12/01/2021,$19.54,2441169,$20.50,$20.77,$19.47
11/30/2021,$20.07,2825593,$20.74,$20.76,$19.74
11/29/2021,$20.94,1752876,$20.99,$21.21,$20.61
11/26/2021,$20.63,1415532,$20.44,$20.875,$20.24
11/24/2021,$21.35,2554677,$20.72,$21.53,$20.53
11/23/2021,$21.20,2071951,$21.35,$21.49,$21.08
11/22/2021,$21.50,2933319,$22.69,$22.69,$21.39
11/19/2021,$22.63,2361909,$22.48,$22.94,$22.39
11/18/2021,$22.60,1884841,$22.44,$22.68,$22.04
11/17/2021,$22.22,2293447,$22.40,$22.45,$21.93
11/16/2021,$22.44,2454201,$21.83,$22.65,$21.77
11/15/2021,$21.87,1772705,$21.48,$21.88,$21.39
11/12/2021,$21.29,1268713,$21.29,$21.675,$21.21
11/11/2021,$21.14,1145421,$21.13,$21.50,$21.04
11/10/2021,$21.12,1735214,$21.04,$21.635,$20.799
11/09/2021,$21.13,1550806,$21.06,$21.35,$20.89
11/08/2021,$21.12,2005041,$21.20,$21.43,$21.02
11/05/2021,$21.34,4037886,$22.40,$22.46,$21.11
11/04/2021,$22.11,3077441,$22.51,$22.995,$21.885
11/03/2021,$22.50,6569675,$22.10,$22.96,$21.97
11/02/2021,$21.68,11697340,$21.95,$22.48,$21.56
11/01/2021,$19.03,2668608,$18.96,$19.29,$18.91
10/29/2021,$18.88,1979825,$18.77,$19.33,$18.625
10/28/2021,$18.87,1690221,$18.70,$18.88,$18.57
10/27/2021,$18.64,1859338,$18.53,$18.84,$18.295
10/26/2021,$18.56,3456375,$18.44,$18.81,$18.29
10/25/2021,$18.28,1859854,$17.98,$18.295,$17.835
10/22/2021,$17.92,1578301,$18.05,$18.07,$17.78
10/21/2021,$18.10,3254790,$17.76,$18.44,$17.72
10/20/2021,$17.71,1085394,$17.79,$18.145,$17.675
10/19/2021,$17.85,1500073,$17.96,$17.96,$17.70
10/18/2021,$17.94,1181133,$17.66,$17.945,$17.58
10/15/2021,$17.79,1086959,$18.06,$18.11,$17.775
10/14/2021,$17.88,1289158,$17.92,$18.02,$17.77
10/13/2021,$17.75,1328097,$17.84,$17.94,$17.56
10/12/2021,$17.73,1336391,$17.59,$17.84,$17.525
10/11/2021,$17.46,2071622,$17.64,$17.81,$17.38
10/08/2021,$17.75,2185515,$18.18,$18.275,$17.66
10/07/2021,$18.28,1780347,$18.17,$18.6166,$18.16
10/06/2021,$17.91,1641901,$18.06,$18.26,$17.74
10/05/2021,$18.27,3026663,$18.22,$18.90,$18.14
10/04/2021,$18.00,1303417,$18.01,$18.36,$17.96
10/01/2021,$18.06,2720360,$17.75,$18.15,$17.505
09/30/2021,$17.52,5555885,$18.115,$18.12,$17.51
09/29/2021,$18.10,2810135,$18.47,$18.60,$18.03
09/28/2021,$18.37,1384918,$18.48,$18.60,$18.32
09/27/2021,$18.58,1311699,$18.74,$19.01,$18.535
09/24/2021,$18.68,2635202,$18.28,$18.89,$18.145
09/23/2021,$18.71,2249391,$18.38,$18.94,$18.38
09/22/2021,$18.28,1748472,$18.19,$18.41,$18.06
09/21/2021,$18.04,2959522,$18.02,$18.29,$17.945
09/20/2021,$18.01,2524923,$18.00,$18.24,$17.69
09/17/2021,$18.42,4803686,$18.56,$19.04,$18.34
09/16/2021,$18.79,2128579,$18.92,$19.105,$18.77
09/15/2021,$18.82,1750946,$18.77,$18.89,$18.52
09/14/2021,$18.75,2564984,$19.02,$19.04,$18.45
09/13/2021,$19.04,3114206,$19.71,$19.82,$18.805
09/10/2021,$19.61,2152901,$20.11,$20.27,$19.60
09/09/2021,$20.00,3663999,$19.57,$20.245,$19.42
09/08/2021,$19.50,3272573,$19.78,$20.02,$19.39
09/07/2021,$19.86,3004419,$20.39,$20.48,$19.85
09/03/2021,$20.28,2470710,$20.12,$20.33,$19.89
09/02/2021,$20.20,2987105,$20.33,$20.44,$20.19
09/01/2021,$20.25,3689450,$20.21,$20.64,$20.1935
08/31/2021,$20.06,4298804,$20.84,$21.07,$19.91
08/30/2021,$20.84,2281838,$20.92,$21.11,$20.755
08/27/2021,$20.81,2282248,$20.38,$20.99,$20.37
08/26/2021,$20.32,2506638,$20.79,$20.825,$20.20
08/25/2021,$20.82,2597463,$20.78,$20.97,$20.59
08/24/2021,$20.71,3385448,$20.12,$20.905,$20.12
08/23/2021,$20.08,3332749,$20.00,$20.14,$19.751
08/20/2021,$19.74,3299359,$19.51,$19.75,$19.37
08/19/2021,$19.05,3840336,$19.35,$19.595,$19.01
08/18/2021,$19.71,2542118,$19.82,$20.3086,$19.69
08/17/2021,$19.92,3755170,$20.93,$20.941,$19.79
08/16/2021,$21.17,1650250,$21.37,$21.40,$21.01
08/13/2021,$21.57,1799505,$21.82,$21.87,$21.435
08/12/2021,$21.90,1687726,$21.87,$22.03,$21.66
08/11/2021,$21.90,1979342,$21.61,$22.11,$21.48
08/10/2021,$21.75,3616169,$21.31,$22.16,$21.24
08/09/2021,$21.31,3198267,$21.05,$21.62,$20.925
08/06/2021,$21.15,3394110,$21.31,$21.45,$21.04
08/05/2021,$21.23,5210275,$20.51,$21.349,$20.32
08/04/2021,$20.51,10196800,$19.56,$20.8268,$19.43
08/03/2021,$19.22,10111230,$19.00,$19.60,$18.18
08/02/2021,$18.10,5346441,$18.07,$18.62,$18.02
07/30/2021,$17.52,3449364,$17.40,$18.03,$17.35
07/29/2021,$17.46,3573939,$17.51,$17.90,$17.445
07/28/2021,$17.45,1675572,$17.68,$17.87,$17.16
07/27/2021,$17.56,1488961,$17.67,$17.73,$17.36
07/26/2021,$17.81,4148878,$17.55,$17.81,$17.27
07/23/2021,$17.64,3817065,$17.55,$17.89,$17.47
07/22/2021,$17.48,2859308,$17.70,$17.75,$17.35
07/21/2021,$17.73,2948338,$17.53,$18.0104,$17.53
07/20/2021,$17.35,2365755,$16.79,$17.54,$16.62
07/19/2021,$16.73,3615645,$16.62,$16.96,$16.42
07/16/2021,$17.05,3801410,$17.84,$17.8945,$16.94
07/15/2021,$17.78,2632884,$18.07,$18.18,$17.57
07/14/2021,$18.13,2219994,$18.44,$18.56,$18.08
07/13/2021,$18.29,2114691,$18.65,$18.80,$18.21
07/12/2021,$18.76,2713419,$18.65,$18.81,$18.51
07/09/2021,$18.82,2470002,$18.35,$18.845,$18.32
07/08/2021,$18.08,5460709,$18.00,$18.22,$17.605
07/07/2021,$18.31,6701115,$18.52,$18.705,$18.07
07/06/2021,$18.59,2037031,$18.70,$18.77,$18.28
07/02/2021,$18.73,1559845,$18.82,$18.86,$18.52
07/01/2021,$18.80,2179722,$18.66,$18.98,$18.57
06/30/2021,$18.57,2911795,$18.54,$18.575,$18.31
06/29/2021,$18.54,2571328,$18.62,$18.87,$18.40
06/28/2021,$18.53,4349277,$19.18,$19.18,$18.38
06/25/2021,$19.10,4481100,$19.27,$19.4798,$18.865
06/24/2021,$18.63,2426996,$18.48,$18.76,$18.295
06/23/2021,$18.39,2687372,$17.92,$18.50,$17.92
06/22/2021,$17.82,1997531,$17.70,$17.92,$17.41
06/21/2021,$17.71,2145419,$17.43,$17.83,$17.29
06/18/2021,$17.32,5394005,$17.30,$17.46,$16.95
06/17/2021,$17.58,3363148,$17.93,$17.98,$17.31
06/16/2021,$18.01,3608518,$17.84,$18.045,$17.65
06/15/2021,$17.93,4454370,$17.97,$18.01,$17.60
06/14/2021,$17.94,3972790,$18.45,$18.539,$17.80
06/11/2021,$18.47,2705703,$18.44,$18.48,$18.24
06/10/2021,$18.24,5316750,$18.74,$18.76,$18.23
06/09/2021,$18.62,2462784,$19.36,$19.41,$18.62
06/08/2021,$19.31,1989846,$19.33,$19.45,$19.075
06/07/2021,$19.25,4458045,$19.14,$19.35,$18.855
06/04/2021,$19.02,4168776,$19.14,$19.34,$18.535
06/03/2021,$19.06,4445654,$19.44,$19.60,$18.97
06/02/2021,$19.55,6369535,$19.77,$19.82,$19.35
06/01/2021,$19.63,4758412,$19.25,$19.77,$19.17
05/28/2021,$19.06,6738760,$19.41,$19.47,$18.94
05/27/2021,$19.23,6661539,$18.39,$19.54,$18.31
05/26/2021,$18.32,8767601,$18.09,$18.84,$18.09
05/25/2021,$17.94,2183318,$18.03,$18.17,$17.88
05/24/2021,$17.91,2047779,$18.19,$18.19,$17.89
05/21/2021,$18.11,1796919,$18.39,$18.50,$18.08
05/20/2021,$18.26,3227749,$18.51,$18.51,$17.79
05/19/2021,$18.47,3426815,$18.65,$18.70,$18.28
05/18/2021,$18.98,2542894,$19.40,$19.53,$18.96
05/17/2021,$19.36,1942159,$18.99,$19.39,$18.93
05/14/2021,$19.01,5506592,$18.50,$19.18,$18.48
05/13/2021,$18.38,3425722,$18.54,$18.8914,$18.13
05/12/2021,$18.35,4911126,$19.03,$19.30,$18.30
05/11/2021,$19.19,2607529,$19.17,$19.32,$18.81
05/10/2021,$19.27,4289842,$20.30,$20.3399,$19.22
05/07/2021,$20.24,2778718,$20.22,$20.97,$20.04
05/06/2021,$20.44,3000396,$21.19,$21.20,$20.22
05/05/2021,$21.13,5213105,$20.87,$21.825,$20.57
05/04/2021,$19.72,3426773,$19.40,$20.04,$19.12
05/03/2021,$19.88,2782396,$20.00,$20.16,$19.725
04/30/2021,$19.91,2210557,$20.00,$20.315,$19.83
04/29/2021,$20.09,1957769,$19.98,$20.22,$19.865
04/28/2021,$19.77,1702704,$19.80,$20.04,$19.72
04/27/2021,$19.91,4417746,$19.58,$20.015,$19.58
04/26/2021,$19.52,2865576,$19.39,$19.89,$19.27
04/23/2021,$19.26,2470428,$19.17,$19.47,$19.17
04/22/2021,$19.02,2657146,$18.75,$19.39,$18.69
04/21/2021,$18.73,2956269,$17.68,$18.74,$17.68
04/20/2021,$17.79,3309089,$18.03,$18.03,$17.39
04/19/2021,$18.07,2597311,$18.29,$18.30,$17.91
04/16/2021,$18.42,1948029,$18.46,$18.52,$18.25
04/15/2021,$18.31,1650884,$18.57,$18.57,$18.21
04/14/2021,$18.43,1645139,$18.55,$18.80,$18.371
04/13/2021,$18.56,3693267,$19.08,$19.08,$18.3196
04/12/2021,$19.19,2105912,$19.10,$19.36,$19.00
04/09/2021,$19.18,2699085,$19.08,$19.24,$18.815
04/08/2021,$18.98,5282707,$18.74,$19.14,$18.46
04/07/2021,$18.82,1778228,$19.11,$19.21,$18.70
04/06/2021,$19.10,2618685,$18.88,$19.26,$18.88
04/05/2021,$18.88,11914750,$18.44,$19.00,$18.2001
04/01/2021,$18.27,2762071,$18.48,$18.53,$18.13
03/31/2021,$18.46,10650070,$17.92,$18.62,$17.79
03/30/2021,$17.90,2966261,$17.67,$18.00,$17.48
03/29/2021,$17.65,5157240,$18.17,$18.31,$17.47
03/26/2021,$18.31,4552748,$18.59,$18.715,$17.77
03/25/2021,$18.32,4258745,$17.65,$18.47,$17.36
03/24/2021,$18.14,4120759,$18.67,$19.01,$18.14
03/23/2021,$18.58,2914887,$19.23,$19.63,$18.44
03/22/2021,$19.43,5082928,$19.31,$19.545,$18.88
03/19/2021,$19.25,3447193,$19.29,$19.45,$19.02
03/18/2021,$19.42,4353361,$19.18,$20.07,$19.14
03/17/2021,$19.25,3422500,$19.50,$19.60,$19.05
03/16/2021,$19.50,2559557,$20.15,$20.21,$19.39
03/15/2021,$20.19,5372972,$19.59,$20.31,$19.59
03/12/2021,$19.45,2661594,$19.05,$19.60,$19.04
03/11/2021,$19.04,2794432,$18.91,$19.12,$18.72
03/10/2021,$18.86,4915262,$18.79,$19.15,$18.65
03/09/2021,$18.71,2126589,$19.24,$19.25,$18.6922
03/08/2021,$19.11,4635596,$18.90,$19.535,$18.75
03/05/2021,$18.74,3828687,$19.08,$19.30,$17.86
03/04/2021,$18.97,3883331,$19.26,$19.54,$18.54
03/03/2021,$19.27,3301296,$19.01,$19.72,$19.01
03/02/2021,$19.02,2114256,$18.93,$19.18,$18.83
03/01/2021,$18.95,2769186,$18.54,$19.20,$18.51
02/26/2021,$18.20,2785238,$18.11,$18.57,$17.87
02/25/2021,$18.10,2355480,$18.28,$18.87,$18.02
02/24/2021,$18.30,2216368,$18.36,$18.59,$18.13
02/23/2021,$18.30,5063272,$18.37,$18.45,$17.62
02/22/2021,$18.54,5624731,$18.61,$19.04,$18.49
02/19/2021,$18.96,2863270,$18.68,$19.255,$18.67
02/18/2021,$18.51,3107216,$18.61,$18.70,$18.32
02/17/2021,$18.67,4474665,$18.40,$18.74,$18.21
02/16/2021,$18.62,3511665,$18.85,$18.99,$18.36
02/12/2021,$18.84,5766287,$18.98,$19.155,$18.75
02/11/2021,$19.21,6386796,$18.97,$19.62,$18.91
02/10/2021,$18.76,12205640,$18.94,$19.62,$18.53
02/09/2021,$17.54,6560751,$17.66,$17.97,$17.43
02/08/2021,$17.70,3903727,$17.81,$17.9875,$17.645
02/05/2021,$17.74,3903249,$17.44,$17.95,$17.43
02/04/2021,$17.36,3698626,$16.83,$17.37,$16.795
02/03/2021,$16.79,4483554,$16.09,$16.855,$15.98
02/02/2021,$16.00,3147686,$15.66,$16.101,$15.58
02/01/2021,$15.41,2739157,$15.05,$15.435,$14.875
01/29/2021,$14.97,3901862,$15.04,$15.27,$14.77
01/28/2021,$15.17,8471690,$15.00,$15.36,$14.90
01/27/2021,$14.77,7031819,$15.42,$15.68,$14.62
01/26/2021,$15.87,6600294,$16.43,$16.43,$15.715
01/25/2021,$15.94,3125170,$15.82,$16.31,$15.57
01/22/2021,$15.89,2726028,$16.00,$16.075,$15.675
01/21/2021,$16.11,3520788,$16.56,$16.79,$16.08
01/20/2021,$15.97,3571063,$15.59,$16.14,$15.55
01/19/2021,$15.56,2131371,$15.65,$15.78,$15.46
01/15/2021,$15.59,2967451,$15.85,$15.92,$15.24
01/14/2021,$15.95,2321234,$16.01,$16.345,$15.9144
01/13/2021,$15.91,2369614,$16.26,$16.38,$15.80
01/12/2021,$16.33,5047340,$15.60,$16.46,$15.45
01/11/2021,$15.52,3662490,$15.06,$15.56,$14.9199
01/08/2021,$15.25,3293503,$15.65,$15.75,$15.25
01/07/2021,$15.59,2340354,$15.70,$15.84,$15.42
01/06/2021,$15.51,3744988,$15.44,$15.87,$15.38
01/05/2021,$15.45,2106601,$15.00,$15.58,$14.97
01/04/2021,$15.06,4414569,$15.22,$15.23,$14.805
12/31/2020,$14.88,1981656,$15.01,$15.113,$14.81
12/30/2020,$15.08,2878757,$14.73,$15.13,$14.721
12/29/2020,$14.65,2382254,$14.93,$14.98,$14.5235
12/28/2020,$14.96,1959511,$15.12,$15.30,$14.9062
12/24/2020,$15.05,1529360,$15.08,$15.12,$14.69
12/23/2020,$15.09,3775751,$14.69,$15.17,$14.63
12/22/2020,$14.68,3445829,$15.13,$15.18,$14.67
12/21/2020,$15.09,3256162,$14.82,$15.22,$14.70
12/18/2020,$15.10,5656005,$15.18,$15.29,$14.965
12/17/2020,$15.23,2729607,$15.32,$15.34,$15.11
12/16/2020,$15.29,2576059,$15.50,$15.585,$15.08
12/15/2020,$15.45,2524950,$15.15,$15.46,$15.15
12/14/2020,$14.97,2444703,$15.27,$15.32,$14.95
12/11/2020,$15.10,1859166,$15.24,$15.50,$15.035
12/10/2020,$15.39,2871690,$15.23,$15.4685,$15.005
12/09/2020,$15.39,5724038,$15.30,$15.71,$15.20
12/08/2020,$15.21,5176998,$14.88,$15.50,$14.78
12/07/2020,$15.00,3460964,$14.74,$15.01,$14.565
12/04/2020,$14.83,3573852,$15.11,$15.16,$14.68
12/03/2020,$14.97,4820683,$14.47,$15.15,$14.43
12/02/2020,$14.51,3680738,$14.60,$14.67,$14.39
12/01/2020,$14.69,7146761,$14.76,$14.86,$14.31
11/30/2020,$14.55,2968988,$14.66,$14.74,$14.41
11/27/2020,$14.71,1579743,$14.89,$14.95,$14.67
11/25/2020,$14.82,3153052,$14.83,$14.865,$14.31
11/24/2020,$14.93,3953157,$14.78,$15.035,$14.59
11/23/2020,$14.50,3152195,$14.83,$14.8766,$14.4242
11/20/2020,$14.64,5147663,$14.72,$14.87,$14.52
11/19/2020,$14.69,2350512,$14.31,$14.715,$14.18
11/18/2020,$14.37,4737880,$14.34,$14.73,$14.25
11/17/2020,$14.17,4676663,$13.85,$14.21,$13.58
11/16/2020,$13.86,4966863,$13.57,$13.91,$13.3662
11/13/2020,$13.15,3026531,$12.73,$13.19,$12.73
11/12/2020,$12.61,3819428,$12.71,$12.95,$12.435
11/11/2020,$12.82,4198012,$13.35,$13.35,$12.71
11/10/2020,$13.27,5211222,$13.44,$13.6655,$13.17
11/09/2020,$13.52,6003566,$14.09,$14.27,$13.51
11/06/2020,$13.03,2714518,$13.12,$13.38,$12.87
11/05/2020,$13.18,3884763,$12.84,$13.20,$12.82
11/04/2020,$12.77,3192410,$12.80,$13.01,$12.47
11/03/2020,$13.01,3815078,$12.97,$13.12,$12.755
11/02/2020,$12.78,6924850,$12.41,$12.995,$12.36
10/30/2020,$12.23,13341690,$13.24,$13.26,$11.89
10/29/2020,$12.04,5895524,$11.60,$12.245,$11.52
10/28/2020,$11.66,3949863,$11.65,$11.83,$11.51
10/27/2020,$11.93,3796066,$12.25,$12.27,$11.9215
10/26/2020,$12.23,8787423,$12.68,$12.69,$12.025
10/23/2020,$12.74,4483856,$12.59,$12.82,$12.13
10/22/2020,$12.43,4504402,$12.19,$12.45,$12.11
10/21/2020,$12.11,4035564,$11.85,$12.22,$11.81
10/20/2020,$11.78,5285773,$11.69,$12.22,$11.59
10/19/2020,$11.56,3854763,$11.27,$11.70,$11.18
10/16/2020,$11.30,3245766,$11.34,$11.48,$11.04
10/15/2020,$11.26,4262698,$10.81,$11.28,$10.70
10/14/2020,$10.93,2165462,$11.08,$11.34,$10.92
10/13/2020,$11.11,3001009,$10.96,$11.30,$10.875
10/12/2020,$11.06,3058792,$11.02,$11.07,$10.84
10/09/2020,$10.97,3029802,$11.00,$11.09,$10.735
10/08/2020,$10.96,2925807,$10.69,$11.01,$10.66
10/07/2020,$10.61,2373627,$10.37,$10.68,$10.34
10/06/2020,$10.20,2782277,$10.62,$10.73,$10.175
10/05/2020,$10.59,2317984,$10.70,$10.76,$10.52
10/02/2020,$10.54,2856753,$10.01,$10.575,$9.96
10/01/2020,$10.35,3659460,$10.00,$10.46,$9.93
09/30/2020,$9.84,2712974,$9.80,$10.09,$9.795
09/29/2020,$9.77,2876540,$9.97,$9.99,$9.62
09/28/2020,$10.04,2877012,$9.99,$10.13,$9.9142
09/25/2020,$9.82,4145323,$9.56,$9.905,$9.53
09/24/2020,$9.67,5000965,$9.90,$9.90,$9.39
09/23/2020,$10.00,6942740,$9.90,$10.455,$9.85
09/22/2020,$9.53,5117410,$9.40,$9.59,$9.205
09/21/2020,$9.36,4636820,$9.82,$9.85,$9.30
09/18/2020,$10.06,6652587,$10.39,$10.47,$9.98
09/17/2020,$10.44,4970452,$10.55,$10.745,$10.325
09/16/2020,$10.70,6262940,$10.26,$10.89,$10.25
09/15/2020,$10.25,4424956,$10.30,$10.40,$10.12
09/14/2020,$10.30,4773170,$9.95,$10.34,$9.74
09/11/2020,$9.90,9160144,$9.60,$10.005,$9.545
09/10/2020,$9.48,6236444,$9.40,$9.61,$9.36
09/09/2020,$9.36,5442688,$9.66,$9.73,$9.32
09/08/2020,$9.74,5798667,$9.17,$9.83,$9.16
09/04/2020,$9.32,3083285,$9.45,$9.569,$9.12
09/03/2020,$9.38,4149848,$9.37,$9.67,$9.35
09/02/2020,$9.38,4398691,$9.23,$9.455,$9.12
09/01/2020,$9.17,3484210,$8.79,$9.18,$8.71
08/31/2020,$8.85,3525596,$9.09,$9.10,$8.78
08/28/2020,$9.14,3285653,$8.99,$9.15,$8.89
08/27/2020,$8.96,3660089,$8.94,$9.20,$8.93
08/26/2020,$8.89,2758774,$9.10,$9.10,$8.874
08/25/2020,$9.11,4120213,$9.27,$9.31,$9.06
08/24/2020,$9.19,5285415,$8.81,$9.22,$8.75
08/21/2020,$8.77,4246116,$8.88,$8.98,$8.74
08/20/2020,$8.79,7482880,$8.99,$9.03,$8.75
08/19/2020,$9.02,3573868,$9.21,$9.32,$9.00
08/18/2020,$9.23,3403496,$9.34,$9.39,$9.07
08/17/2020,$9.41,4123903,$9.59,$9.59,$9.24
08/14/2020,$9.60,3919257,$9.54,$9.7033,$9.415
08/13/2020,$9.66,2621743,$9.70,$9.79,$9.51
08/12/2020,$9.77,5687985,$9.99,$10.00,$9.535
08/11/2020,$9.80,5790368,$9.89,$10.09,$9.63
08/10/2020,$9.60,4262621,$9.25,$9.73,$9.24
08/07/2020,$9.20,3307100,$9.08,$9.21,$8.91
08/06/2020,$9.04,4344977,$9.42,$9.42,$9.03
08/05/2020,$9.44,5733163,$9.06,$9.48,$9.04
08/04/2020,$8.94,5300748,$8.76,$9.02,$8.75
08/03/2020,$8.79,10467100,$9.58,$9.58,$8.76
07/31/2020,$9.49,17012110,$10.21,$10.65,$9.31
07/30/2020,$10.18,6358278,$10.19,$10.49,$10.08
07/29/2020,$10.33,4579264,$10.03,$10.49,$10.01
07/28/2020,$10.03,5033008,$9.79,$10.1271,$9.79
07/27/2020,$9.95,6855280,$9.62,$9.98,$9.545
07/24/2020,$9.83,6513675,$9.86,$10.0353,$9.69
07/23/2020,$9.78,6003125,$9.40,$9.95,$9.38
07/22/2020,$9.42,3798997,$9.32,$9.545,$9.25
07/21/2020,$9.44,7029356,$8.95,$9.4884,$8.94
07/20/2020,$8.82,3341952,$9.10,$9.17,$8.81
07/17/2020,$9.13,3610023,$9.20,$9.45,$9.075
07/16/2020,$9.19,3494592,$9.03,$9.31,$8.96
07/15/2020,$9.18,5884811,$8.72,$9.20,$8.70
07/14/2020,$8.49,3635227,$8.40,$8.59,$8.25
07/13/2020,$8.46,4614436,$8.66,$8.71,$8.36
07/10/2020,$8.63,4844316,$8.30,$8.66,$8.22
07/09/2020,$8.29,4139238,$8.57,$8.63,$8.21
07/08/2020,$8.64,4280641,$8.62,$8.665,$8.41
07/07/2020,$8.60,5809353,$8.89,$9.09,$8.56
07/06/2020,$9.00,5440524,$8.80,$9.00,$8.66
07/02/2020,$8.68,4753394,$8.86,$9.01,$8.62
07/01/2020,$8.65,7347573,$8.79,$9.05,$8.64
06/30/2020,$8.84,10950930,$8.84,$8.885,$8.53
06/29/2020,$8.88,7766207,$8.35,$8.99,$8.21
06/26/2020,$8.26,12800720,$8.57,$8.72,$8.10
06/25/2020,$8.67,4830864,$8.42,$8.68,$8.29
06/24/2020,$8.58,9223958,$8.75,$8.76,$8.26
06/23/2020,$8.93,6403144,$8.70,$8.93,$8.52
06/22/2020,$8.58,10798690,$8.55,$8.59,$8.28
06/19/2020,$8.60,13241210,$9.09,$9.09,$8.44
06/18/2020,$8.81,8575349,$8.68,$9.01,$8.55
06/17/2020,$8.85,9167437,$9.24,$9.24,$8.785
06/16/2020,$9.28,12841950,$9.49,$9.49,$8.99
06/15/2020,$8.80,5460694,$8.26,$8.88,$8.1885
06/12/2020,$8.68,7021906,$9.00,$9.04,$8.33
06/11/2020,$8.52,6612568,$8.62,$8.715,$8.43
06/10/2020,$9.42,8591780,$9.73,$9.73,$9.07
06/09/2020,$9.71,7927689,$9.97,$10.005,$9.56
06/08/2020,$10.22,9732087,$10.44,$10.54,$10.04
06/05/2020,$9.84,10865470,$10.12,$10.30,$9.76
06/04/2020,$9.30,10693180,$9.15,$9.46,$8.91
06/03/2020,$9.19,12833720,$8.65,$9.26,$8.65
06/02/2020,$8.41,9771784,$8.39,$8.61,$8.30
06/01/2020,$8.26,13434590,$7.88,$8.36,$7.81
05/29/2020,$7.86,16378230,$8.00,$8.195,$7.80
05/28/2020,$8.12,11724790,$8.85,$8.8533,$8.05
05/27/2020,$8.51,14106350,$8.18,$8.52,$7.93
05/26/2020,$7.86,20873940,$7.69,$7.92,$7.55
05/22/2020,$7.38,21484310,$7.70,$7.70,$7.32
05/21/2020,$7.70,26844570,$6.93,$7.97,$6.91
05/20/2020,$7.47,5742854,$7.23,$7.60,$7.12
05/19/2020,$7.08,7356744,$7.32,$7.39,$6.95
05/18/2020,$7.30,8766700,$7.40,$7.55,$7.25
05/15/2020,$6.91,5687640,$6.71,$6.96,$6.58
05/14/2020,$6.91,5721973,$6.82,$7.02,$6.37
05/13/2020,$6.93,8846212,$7.59,$7.59,$6.90
05/12/2020,$7.68,8642775,$8.10,$8.29,$7.60
05/11/2020,$8.00,11773620,$8.43,$8.49,$7.83
05/08/2020,$8.94,6501076,$8.86,$8.95,$8.64
05/07/2020,$8.61,3905396,$8.36,$8.83,$8.3575
05/06/2020,$8.23,3080876,$8.50,$8.62,$8.09
05/05/2020,$8.46,3518382,$8.96,$8.96,$8.42
05/04/2020,$8.71,2886937,$8.55,$8.8499,$8.35
05/01/2020,$8.76,3699105,$9.02,$9.055,$8.61
04/30/2020,$9.27,4106162,$9.10,$9.71,$9.00
04/29/2020,$9.79,3524552,$9.80,$10.17,$9.73
04/28/2020,$9.64,3862032,$9.73,$9.94,$9.445
04/27/2020,$9.35,2528505,$9.03,$9.50,$8.88
04/24/2020,$8.97,3288817,$8.84,$9.185,$8.84
04/23/2020,$8.74,1832665,$8.58,$8.98,$8.58
04/22/2020,$8.56,1580775,$8.73,$8.92,$8.56
04/21/2020,$8.52,1970258,$8.42,$8.85,$8.30
04/20/2020,$8.64,2783051,$8.59,$9.06,$8.57
04/17/2020,$8.89,3180075,$8.71,$9.045,$8.70
04/16/2020,$8.36,2445776,$8.66,$8.66,$8.23
04/15/2020,$8.65,3092127,$8.46,$8.77,$8.25
04/14/2020,$8.97,2368011,$9.08,$9.19,$8.7575
04/13/2020,$8.73,2989851,$9.29,$9.35,$8.60
04/09/2020,$9.35,3784450,$8.97,$9.55,$8.92
04/08/2020,$8.64,3001774,$8.55,$8.98,$8.48
04/07/2020,$8.39,4331637,$8.62,$8.84,$8.19
04/06/2020,$8.00,3686321,$7.92,$8.24,$7.72
04/03/2020,$7.48,4134741,$6.85,$7.50,$6.60
04/02/2020,$6.89,5159910,$7.32,$7.57,$6.60
04/01/2020,$7.45,3456807,$7.66,$7.81,$7.20
03/31/2020,$8.06,3078898,$8.36,$8.64,$7.955
03/30/2020,$8.41,3147815,$8.25,$8.49,$7.9198
03/27/2020,$8.32,3230073,$8.40,$8.58,$8.07
03/26/2020,$8.76,5615831,$8.32,$8.96,$8.08
03/25/2020,$8.24,7212126,$8.18,$8.74,$7.585
03/24/2020,$8.01,6613341,$7.46,$8.06,$7.46
03/23/2020,$7.14,3339096,$7.15,$7.50,$6.79
03/20/2020,$7.23,11032370,$8.01,$8.425,$7.1475
03/19/2020,$8.01,4965036,$7.29,$8.165,$6.80
03/18/2020,$7.39,6420275,$8.39,$8.79,$7.25
03/17/2020,$8.96,6926646,$8.58,$9.08,$8.07
03/16/2020,$8.33,4276451,$8.28,$9.36,$8.13
03/13/2020,$9.48,3825202,$9.15,$9.49,$8.77
03/12/2020,$8.75,6572801,$9.23,$9.51,$8.67
03/11/2020,$9.99,5598206,$10.03,$10.265,$9.87
03/10/2020,$10.29,5025049,$10.31,$10.40,$9.665
03/09/2020,$9.91,4275453,$10.31,$10.52,$9.51
03/06/2020,$11.14,7530181,$11.33,$11.6141,$11.03
03/05/2020,$11.73,4598687,$12.02,$12.22,$11.6017
03/04/2020,$12.39,4389162,$12.41,$12.465,$11.84
03/03/2020,$12.20,7170552,$12.52,$12.75,$11.88
03/02/2020,$12.49,6345242,$12.55,$12.63,$12.19
02/28/2020,$12.48,9194116,$12.19,$12.73,$12.18
02/27/2020,$12.55,5848158,$12.72,$13.23,$12.37
02/26/2020,$13.04,3370683,$13.59,$13.6819,$13.04
02/25/2020,$13.46,3230124,$14.28,$14.34,$13.27
02/24/2020,$14.14,3690203,$13.98,$14.21,$13.81
02/21/2020,$14.57,2996511,$14.86,$15.05,$14.51
02/20/2020,$14.94,3033827,$15.00,$15.10,$14.73
02/19/2020,$14.96,3275969,$15.00,$15.12,$14.80
02/18/2020,$15.00,4699030,$15.35,$15.445,$14.91
02/14/2020,$15.45,3637737,$15.15,$15.50,$15.15
02/13/2020,$15.13,4984923,$15.45,$15.568,$15.08
02/12/2020,$15.45,6487031,$15.26,$15.895,$15.20
02/11/2020,$15.12,16126480,$15.26,$15.58,$15.02
02/10/2020,$18.15,2540193,$18.13,$18.471,$18.01
02/07/2020,$17.97,2154821,$18.46,$18.52,$17.87
02/06/2020,$18.40,1479788,$18.63,$18.74,$18.35
02/05/2020,$18.50,1661510,$18.62,$18.80,$18.09
02/04/2020,$18.42,2277198,$18.29,$18.7315,$18.16
02/03/2020,$17.98,2482947,$18.07,$18.36,$17.97
01/31/2020,$17.96,1339978,$18.49,$18.54,$17.9146
01/30/2020,$18.55,1177009,$18.60,$18.69,$18.25
01/29/2020,$18.68,1239845,$18.80,$19.10,$18.68
01/28/2020,$18.68,1284882,$18.56,$18.75,$18.24
01/27/2020,$18.45,1236349,$18.02,$18.64,$17.95
01/24/2020,$18.61,1607134,$18.88,$18.98,$18.52
01/23/2020,$18.78,1684118,$18.20,$18.895,$17.98
01/22/2020,$18.31,1450281,$18.09,$18.71,$18.09
01/21/2020,$18.09,2157925,$18.32,$18.39,$18.03
01/17/2020,$18.37,2270574,$19.19,$19.23,$18.31
01/16/2020,$19.02,1426606,$19.05,$19.32,$18.96
01/15/2020,$18.90,1344491,$18.71,$19.06,$18.6999
01/14/2020,$18.76,1999068,$18.09,$18.84,$18.06
01/13/2020,$18.04,1518712,$17.80,$18.05,$17.6797
01/10/2020,$17.77,1123778,$17.76,$17.84,$17.56
01/09/2020,$17.78,1927947,$18.17,$18.24,$17.6131
01/08/2020,$18.16,2479710,$18.67,$18.78,$18.04
01/07/2020,$18.59,2644477,$18.34,$18.61,$18.25
01/06/2020,$18.37,4200650,$19.00,$19.05,$18.21
01/03/2020,$19.27,2711550,$18.99,$19.43,$18.89
01/02/2020,$19.24,3271951,$19.35,$19.38,$19.02
12/31/2019,$19.18,1982474,$18.99,$19.26,$18.90
12/30/2019,$18.99,1793235,$19.14,$19.25,$18.965
12/27/2019,$19.25,1271060,$19.60,$19.65,$19.18
12/26/2019,$19.55,857002,$19.41,$19.606,$19.33
12/24/2019,$19.40,669443,$19.38,$19.49,$19.30
12/23/2019,$19.37,1098768,$19.35,$19.487,$19.26
12/20/2019,$19.30,3177689,$19.05,$19.36,$18.93
12/19/2019,$19.01,1731294,$19.01,$19.13,$18.892
12/18/2019,$19.03,1666444,$18.69,$19.05,$18.56
12/17/2019,$18.69,2185531,$18.56,$18.73,$18.44
12/16/2019,$18.59,2724173,$17.89,$18.629,$17.84
12/13/2019,$17.78,2030244,$17.58,$18.00,$17.51
12/12/2019,$17.51,2396984,$17.46,$17.60,$17.25
12/11/2019,$17.51,1729251,$17.65,$17.75,$17.49
12/10/2019,$17.69,1695777,$17.70,$17.74,$17.55
12/09/2019,$17.69,1996077,$17.29,$17.78,$17.27
12/06/2019,$17.44,2168380,$17.33,$17.53,$17.24
12/05/2019,$17.20,2712267,$17.13,$17.30,$16.93
12/04/2019,$17.01,2369274,$16.74,$17.02,$16.64
12/03/2019,$16.63,2238748,$16.53,$16.79,$16.40
12/02/2019,$16.87,2786935,$17.27,$17.31,$16.83
11/29/2019,$17.30,2322545,$17.50,$17.56,$17.16
11/27/2019,$17.49,7471429,$17.23,$17.70,$16.98
11/26/2019,$16.47,4432751,$15.70,$16.48,$15.5796
11/25/2019,$15.67,2124030,$15.79,$15.79,$15.48
11/22/2019,$15.66,2019057,$15.30,$15.67,$15.27
11/21/2019,$15.24,3285343,$15.42,$15.42,$15.055
11/20/2019,$15.43,2071222,$15.57,$15.58,$15.27
11/19/2019,$15.61,1899007,$15.65,$15.805,$15.535
11/18/2019,$15.72,1820730,$15.97,$16.06,$15.68
11/15/2019,$15.97,2986330,$15.56,$16.10,$15.54
11/14/2019,$15.56,1676143,$15.60,$15.85,$15.495
11/13/2019,$15.67,2698215,$15.51,$15.74,$15.42
11/12/2019,$15.58,2926194,$16.00,$16.1099,$15.55
11/11/2019,$15.96,2506897,$15.79,$15.99,$15.62
11/08/2019,$15.88,2611707,$16.12,$16.28,$15.86
11/07/2019,$16.08,3658977,$16.64,$16.79,$15.91
11/06/2019,$16.51,3400043,$16.44,$16.63,$16.18
11/05/2019,$16.31,7890614,$15.67,$16.50,$15.53
11/04/2019,$15.44,18690880,$16.01,$16.57,$15.36
11/01/2019,$18.91,1857922,$18.62,$18.98,$18.57
10/31/2019,$18.50,1043258,$18.50,$18.55,$18.275
10/30/2019,$18.62,1146544,$18.66,$18.80,$18.42
10/29/2019,$18.72,1072483,$19.03,$19.03,$18.69
10/28/2019,$19.04,1523659,$19.15,$19.405,$19.04
10/25/2019,$19.06,1195902,$18.83,$19.37,$18.75
10/24/2019,$19.01,1952853,$19.07,$19.07,$18.61
10/23/2019,$19.01,1281711,$19.27,$19.27,$18.74
10/22/2019,$19.42,3786811,$18.20,$19.48,$18.19
10/21/2019,$18.17,1041645,$17.90,$18.18,$17.89
10/18/2019,$17.81,2472329,$18.00,$18.05,$17.595
10/17/2019,$18.46,1384465,$18.48,$18.645,$18.36
10/16/2019,$18.36,1400745,$18.50,$18.55,$18.30
10/15/2019,$18.46,1267777,$18.24,$18.50,$18.11
10/14/2019,$18.23,1311046,$18.22,$18.43,$18.14
10/11/2019,$18.26,1193203,$18.10,$18.5433,$18.06
10/10/2019,$17.85,1060461,$17.80,$18.08,$17.78
10/09/2019,$17.75,1067320,$17.55,$17.91,$17.47
10/08/2019,$17.35,1150608,$17.19,$17.5767,$17.07
10/07/2019,$17.47,1503544,$17.53,$17.71,$17.42
10/04/2019,$17.59,1184009,$17.49,$17.625,$17.23
10/03/2019,$17.50,1840668,$17.49,$17.52,$16.96
10/02/2019,$17.52,1931661,$17.83,$17.83,$17.26
10/01/2019,$18.01,1741048,$18.18,$18.30,$17.92
09/30/2019,$18.13,1222726,$17.89,$18.17,$17.824
09/27/2019,$17.79,1476731,$18.00,$18.26,$17.72
09/26/2019,$17.97,995177,$17.91,$18.05,$17.73
09/25/2019,$17.85,1511432,$17.70,$18.15,$17.64
09/24/2019,$17.66,1753469,$18.16,$18.1662,$17.47
09/23/2019,$17.99,1049535,$17.95,$18.30,$17.91
09/20/2019,$17.98,2446567,$18.51,$18.72,$17.9638
09/19/2019,$18.42,2113674,$18.89,$18.91,$18.29
09/18/2019,$18.89,1694803,$19.04,$19.09,$18.61
09/17/2019,$19.02,1290421,$18.95,$19.03,$18.63
09/16/2019,$19.02,1581592,$18.90,$19.195,$18.82
09/13/2019,$19.07,2369418,$19.29,$19.4752,$19.022
09/12/2019,$19.23,1485949,$19.27,$19.375,$19.03
09/11/2019,$19.14,1854690,$18.60,$19.15,$18.22
09/10/2019,$18.60,1515392,$18.25,$18.60,$18.20
09/09/2019,$18.32,2178936,$17.80,$18.36,$17.725
09/06/2019,$17.78,1474511,$18.03,$18.18,$17.60
09/05/2019,$17.91,1615848,$17.53,$17.93,$17.46
09/04/2019,$17.24,1641159,$16.98,$17.47,$16.96
09/03/2019,$16.88,1325465,$16.87,$16.91,$16.61
08/30/2019,$16.92,1803051,$17.12,$17.25,$16.90
08/29/2019,$16.96,2099265,$16.74,$17.035,$16.67
08/28/2019,$16.50,1601131,$16.00,$16.63,$15.97
08/27/2019,$16.12,2834596,$16.47,$16.50,$16.12
08/26/2019,$16.31,1931248,$16.36,$16.48,$16.19
08/23/2019,$16.15,2766646,$16.80,$16.94,$16.10
08/22/2019,$17.14,2089719,$17.02,$17.26,$16.955
08/21/2019,$16.92,1714198,$16.91,$17.0733,$16.77
08/20/2019,$16.74,3032865,$16.72,$16.90,$16.45
08/19/2019,$16.85,1526702,$17.07,$17.09,$16.84
08/16/2019,$16.79,1540992,$16.69,$16.94,$16.49
08/15/2019,$16.50,2043538,$17.02,$17.20,$16.31
08/14/2019,$16.96,3036066,$17.43,$17.47,$16.96
08/13/2019,$17.83,2785180,$17.59,$18.34,$17.41
08/12/2019,$17.70,1843003,$18.05,$18.08,$17.58
08/09/2019,$18.15,3094699,$18.62,$18.80,$18.01
08/08/2019,$18.80,2544132,$18.98,$19.01,$18.55
08/07/2019,$18.84,3022923,$18.73,$18.92,$18.59
08/06/2019,$18.97,2501668,$18.62,$19.06,$18.41
08/05/2019,$18.40,2445947,$18.73,$18.83,$18.20
08/02/2019,$19.19,3604236,$19.00,$19.52,$18.88
08/01/2019,$19.12,4653209,$20.37,$20.44,$18.89
07/31/2019,$20.34,4160930,$21.00,$21.15,$20.11
07/30/2019,$21.05,8916670,$20.20,$21.34,$19.60
07/29/2019,$24.39,2516009,$24.18,$24.45,$23.93
07/26/2019,$24.17,1189250,$24.14,$24.38,$23.99
07/25/2019,$24.14,1842449,$24.23,$24.54,$24.06
07/24/2019,$24.23,1185299,$24.17,$24.55,$23.925
07/23/2019,$24.16,1363029,$23.85,$24.17,$23.55
07/22/2019,$23.61,975442,$24.00,$24.12,$23.585
07/19/2019,$23.95,1285739,$24.09,$24.23,$23.92
07/18/2019,$23.91,1621587,$23.78,$23.965,$23.62
07/17/2019,$23.83,2470008,$24.17,$24.23,$23.585
07/16/2019,$24.26,2426751,$24.30,$24.465,$24.085
07/15/2019,$24.30,2134990,$24.02,$24.41,$23.9833
07/12/2019,$23.98,2103318,$23.31,$24.18,$23.31
07/11/2019,$23.22,1113017,$23.09,$23.255,$22.80
07/10/2019,$23.02,1610345,$23.26,$23.30,$22.72
07/09/2019,$23.21,1388387,$23.01,$23.37,$22.94
07/08/2019,$23.13,1703324,$22.53,$23.19,$22.51
07/05/2019,$22.65,1155964,$22.55,$22.73,$22.36
07/03/2019,$22.70,1024551,$22.38,$22.71,$22.26
07/02/2019,$22.33,1632011,$22.03,$22.35,$21.925
07/01/2019,$22.07,1618219,$22.58,$22.72,$21.93
06/28/2019,$22.20,2381214,$22.26,$22.33,$22.05
06/27/2019,$22.15,1863857,$21.98,$22.255,$21.87
06/26/2019,$22.07,1805309,$21.90,$22.37,$21.77
06/25/2019,$21.86,2364916,$22.45,$22.68,$21.80
06/24/2019,$22.45,2410183,$22.91,$23.27,$22.38
06/21/2019,$23.10,2236001,$23.40,$23.42,$22.98
06/20/2019,$23.49,1794973,$24.08,$24.1125,$23.43
06/19/2019,$23.75,1641950,$24.04,$24.10,$23.66
06/18/2019,$24.00,1943114,$23.73,$24.17,$23.65
06/17/2019,$23.52,1413647,$23.79,$23.92,$23.37
06/14/2019,$23.85,1609149,$23.41,$23.91,$23.41
06/13/2019,$23.49,1942402,$23.20,$23.65,$23.15
06/12/2019,$22.92,1270936,$23.11,$23.29,$22.86
06/11/2019,$23.10,1889452,$22.78,$23.18,$22.76
06/10/2019,$22.69,2033302,$22.89,$23.39,$22.68
06/07/2019,$22.89,1818924,$22.69,$22.94,$22.57
06/06/2019,$22.53,2102867,$22.61,$22.75,$22.3268
06/05/2019,$22.60,2993222,$21.82,$22.65,$21.72
06/04/2019,$21.70,2844309,$20.99,$21.72,$20.95
06/03/2019,$20.72,2692038,$20.15,$20.83,$20.10
05/31/2019,$20.23,2097045,$20.08,$20.54,$20.08
05/30/2019,$20.44,1409903,$20.25,$20.565,$20.02
05/29/2019,$20.32,2491009,$20.87,$20.87,$20.13
05/28/2019,$20.96,2174070,$21.02,$21.34,$20.96
05/24/2019,$20.91,2009155,$20.96,$21.03,$20.69
05/23/2019,$20.85,3173595,$21.20,$21.30,$20.72
05/22/2019,$21.37,2566605,$20.96,$21.405,$20.92
05/21/2019,$21.16,2918022,$20.89,$21.17,$20.59
05/20/2019,$20.86,4049419,$20.57,$20.94,$20.27
05/17/2019,$20.70,6150882,$20.01,$20.8501,$19.84
05/16/2019,$19.36,2102990,$18.99,$19.53,$18.99
05/15/2019,$18.95,2169439,$18.98,$19.175,$18.85
05/14/2019,$19.13,2240245,$18.59,$19.17,$18.48
05/13/2019,$18.53,2366977,$18.75,$18.89,$18.40
05/10/2019,$19.23,2633226,$19.44,$19.56,$18.94
05/09/2019,$19.61,2487049,$19.77,$19.775,$19.24
05/08/2019,$19.80,1987228,$19.50,$20.00,$19.36
05/07/2019,$19.51,2713969,$19.74,$19.965,$19.325
05/06/2019,$19.86,1985837,$19.79,$19.9552,$19.45
05/03/2019,$20.24,2665295,$20.41,$20.47,$19.90
05/02/2019,$20.39,5326571,$21.22,$21.65,$20.26
05/01/2019,$19.68,4399378,$20.76,$20.89,$19.625
04/30/2019,$20.72,2595127,$20.61,$20.855,$20.48
04/29/2019,$20.56,1447443,$20.44,$20.69,$20.43
04/26/2019,$20.40,1477390,$20.17,$20.4432,$20.0566
04/25/2019,$20.10,2718145,$20.25,$20.29,$19.94
04/24/2019,$20.30,2042144,$19.99,$20.4407,$19.825
04/23/2019,$19.94,2383158,$19.64,$20.04,$19.605
04/22/2019,$19.54,1431403,$19.65,$19.76,$19.42
04/18/2019,$19.74,2213644,$19.56,$19.92,$19.52
04/17/2019,$19.66,2049601,$19.50,$19.93,$19.47
04/16/2019,$19.50,1664864,$19.79,$19.84,$19.45
04/15/2019,$19.77,1537468,$19.71,$19.94,$19.68
04/12/2019,$19.69,979094,$19.41,$19.73,$19.41
04/11/2019,$19.34,910811,$19.36,$19.59,$19.2288
04/10/2019,$19.32,1917473,$19.02,$19.40,$18.92
04/09/2019,$18.71,2461297,$19.36,$19.4454,$18.54
04/08/2019,$19.50,1433893,$19.56,$19.5866,$19.32
04/05/2019,$19.64,1474238,$19.80,$19.903,$19.46
04/04/2019,$19.77,1706422,$19.20,$19.80,$19.19
04/03/2019,$19.14,1947958,$19.15,$19.41,$19.11
04/02/2019,$19.03,1592556,$18.78,$19.09,$18.69
04/01/2019,$18.84,1355179,$18.97,$19.04,$18.70
03/29/2019,$18.87,1456022,$19.085,$19.20,$18.815
03/28/2019,$18.95,1236934,$18.965,$19.21,$18.87
03/27/2019,$18.72,1235213,$18.62,$18.76,$18.43
03/26/2019,$18.59,1421474,$18.885,$18.885,$18.51
03/25/2019,$18.58,1723018,$18.36,$18.61,$18.16
03/22/2019,$18.41,2131058,$19.09,$19.20,$18.38
03/21/2019,$19.28,1300876,$18.98,$19.31,$18.921
03/20/2019,$19.00,1738700,$19.72,$19.80,$19.00
03/19/2019,$19.73,1831220,$19.84,$20.035,$19.665
03/18/2019,$19.85,1975021,$19.80,$19.96,$19.52
03/15/2019,$19.80,2370457,$19.97,$20.23,$19.74
03/14/2019,$19.90,1420707,$19.70,$19.945,$19.655
03/13/2019,$19.70,2298585,$19.73,$19.94,$19.56
03/12/2019,$19.69,4280508,$19.60,$19.77,$19.07
03/11/2019,$19.69,1814830,$19.19,$19.72,$19.15
03/08/2019,$19.11,1576016,$19.20,$19.26,$18.9256
03/07/2019,$19.36,1925334,$19.33,$19.62,$19.20
03/06/2019,$19.43,1675383,$19.80,$19.86,$19.295
03/05/2019,$19.83,1745062,$19.93,$20.01,$19.76
03/04/2019,$19.85,1717172,$20.41,$20.56,$19.80
03/01/2019,$20.41,2078728,$20.38,$20.85,$20.105
02/28/2019,$20.08,3020923,$20.04,$20.55,$20.03
02/27/2019,$20.08,4549804,$19.47,$20.195,$19.38
02/26/2019,$19.37,3626938,$19.52,$19.64,$19.24
02/25/2019,$19.63,2500905,$19.87,$20.03,$19.55
02/22/2019,$19.66,1868327,$19.47,$19.69,$19.40
02/21/2019,$19.41,2960303,$19.28,$19.6369,$18.88
02/20/2019,$19.18,2182030,$19.36,$19.43,$19.06
02/19/2019,$19.39,4009140,$18.83,$19.52,$18.83
02/15/2019,$19.04,5322344,$19.95,$20.10,$18.83
02/14/2019,$19.78,2666953,$19.66,$20.06,$19.56
02/13/2019,$19.88,5238112,$20.31,$20.68,$19.79
02/12/2019,$20.01,10146220,$18.73,$20.45,$18.25
02/11/2019,$19.15,2383185,$19.15,$19.37,$18.95
02/08/2019,$19.04,2485168,$18.63,$19.05,$18.63
02/07/2019,$18.63,2123359,$18.80,$18.8327,$18.46
02/06/2019,$18.93,1555303,$19.08,$19.14,$18.57
02/05/2019,$19.10,1684521,$19.15,$19.30,$19.08
02/04/2019,$18.93,1188730,$18.83,$19.01,$18.80
02/01/2019,$18.86,1288381,$18.89,$19.07,$18.71
01/31/2019,$18.94,2169012,$19.06,$19.06,$18.67
01/30/2019,$19.01,1262362,$19.06,$19.10,$18.89
01/29/2019,$18.93,1392780,$19.32,$19.40,$18.8442
01/28/2019,$19.37,1859418,$19.27,$19.56,$19.11
01/25/2019,$19.49,2385258,$18.90,$19.53,$18.88
01/24/2019,$18.86,2006987,$18.39,$18.86,$18.29
01/23/2019,$18.40,1710359,$18.61,$18.74,$18.31
01/22/2019,$18.59,3228485,$18.97,$19.07,$18.46
01/18/2019,$18.55,2374167,$18.42,$18.57,$18.18
01/17/2019,$18.15,1883776,$17.62,$18.21,$17.58
01/16/2019,$17.77,1291600,$17.95,$18.20,$17.76
01/15/2019,$17.92,2286559,$17.88,$18.05,$17.7785
01/14/2019,$17.88,1744758,$17.72,$18.075,$17.68
01/11/2019,$17.86,2382699,$17.45,$18.13,$17.44
01/10/2019,$17.55,2132060,$17.20,$17.70,$17.031
01/09/2019,$17.62,1828552,$17.425,$17.73,$17.21
01/08/2019,$17.24,1896420,$17.35,$17.50,$17.05
01/07/2019,$17.11,1908828,$16.72,$17.30,$16.52
01/04/2019,$16.60,1770509,$16.21,$16.755,$16.21
01/03/2019,$15.96,2282012,$16.28,$16.39,$15.72
01/02/2019,$16.45,2708288,$15.97,$16.57,$15.75
12/31/2018,$16.17,2277700,$16.06,$16.425,$16.05
12/28/2018,$15.99,2267335,$16.25,$16.48,$15.91
12/27/2018,$16.25,2257800,$16.00,$16.26,$15.54
12/26/2018,$16.23,2556495,$15.25,$16.27,$15.05
12/24/2018,$15.19,1937421,$15.23,$15.79,$15.06
12/21/2018,$15.41,5144671,$16.24,$16.36,$15.33
12/20/2018,$16.08,5253768,$16.64,$16.87,$15.96
12/19/2018,$16.64,3033217,$17.30,$17.32,$16.435
12/18/2018,$17.40,3177041,$17.19,$17.69,$16.92
12/17/2018,$17.02,3559971,$17.49,$17.88,$16.91
12/14/2018,$17.73,4255143,$17.54,$18.27,$17.32
12/13/2018,$17.81,7151754,$18.91,$19.0497,$17.6301
12/12/2018,$19.01,8765966,$20.05,$20.08,$18.395
12/11/2018,$20.87,2858234,$21.26,$21.405,$20.59
12/10/2018,$21.01,3511147,$22.05,$22.18,$20.84
12/07/2018,$22.07,4241659,$22.62,$22.82,$21.82
12/06/2018,$22.58,3889006,$21.60,$22.58,$21.46
12/04/2018,$21.97,3562153,$22.50,$22.808,$21.73
12/03/2018,$22.53,4191129,$22.80,$23.28,$22.46
11/30/2018,$22.33,4722530,$22.00,$22.76,$21.88
11/29/2018,$21.75,2886474,$21.48,$22.00,$20.97
11/28/2018,$21.57,4239355,$20.58,$21.835,$20.49
11/27/2018,$20.40,2608871,$20.37,$20.50,$19.94
11/26/2018,$20.66,2482168,$20.21,$20.78,$20.19
11/23/2018,$20.08,1318345,$19.89,$20.175,$19.82
11/21/2018,$20.03,2392585,$19.67,$20.17,$19.64
11/20/2018,$19.38,3298765,$18.96,$19.5299,$18.72
11/19/2018,$19.42,3300234,$20.11,$20.22,$19.25
11/16/2018,$20.21,3419713,$20.68,$20.68,$20.005
11/15/2018,$20.90,3702593,$20.67,$20.90,$19.83
11/14/2018,$20.95,3026570,$21.33,$21.895,$20.90
11/13/2018,$21.11,3284472,$20.81,$21.45,$20.81
11/12/2018,$20.82,2975114,$20.73,$21.40,$20.56
11/09/2018,$20.74,2850061,$20.51,$21.22,$20.45
11/08/2018,$20.74,2708768,$20.58,$20.80,$20.31
11/07/2018,$20.66,2820581,$20.84,$20.92,$20.21
11/06/2018,$20.91,3881357,$21.30,$21.30,$20.511
11/05/2018,$21.46,4605801,$21.94,$22.23,$21.36
11/02/2018,$21.42,3465015,$21.10,$21.70,$20.94
11/01/2018,$21.11,4580471,$19.83,$21.41,$19.51
10/31/2018,$19.83,6968805,$20.80,$21.46,$19.81
10/30/2018,$20.97,12454870,$19.84,$21.07,$19.16
10/29/2018,$16.81,4064064,$16.86,$17.445,$16.375
10/26/2018,$16.55,3200439,$16.77,$16.84,$15.95
10/25/2018,$17.03,1799294,$16.86,$17.19,$16.75
10/24/2018,$16.74,2148336,$17.00,$17.22,$16.72
10/23/2018,$16.94,2386477,$16.71,$17.065,$16.39
10/22/2018,$17.04,1653844,$16.82,$17.16,$16.76
10/19/2018,$16.80,2234332,$17.29,$17.29,$16.68
10/18/2018,$17.14,1751322,$17.43,$17.70,$17.015
10/17/2018,$17.56,1292190,$17.94,$18.05,$17.35
10/16/2018,$17.91,2569230,$17.41,$17.925,$17.23
10/15/2018,$17.31,1314125,$17.22,$17.56,$17.075
10/12/2018,$17.27,2512004,$17.14,$17.36,$16.87
10/11/2018,$16.82,3897597,$16.75,$17.36,$16.61
10/10/2018,$16.81,3051998,$17.61,$17.61,$16.755
10/09/2018,$17.72,1719316,$17.67,$18.25,$17.66
10/08/2018,$17.68,1824408,$17.75,$17.89,$17.35
10/05/2018,$17.81,2212088,$18.25,$18.37,$17.58
10/04/2018,$18.29,1870765,$18.85,$18.90,$18.15
10/03/2018,$18.85,1709898,$18.54,$19.07,$18.24
10/02/2018,$18.52,2684741,$19.38,$19.38,$18.47
10/01/2018,$19.34,2218312,$19.64,$19.75,$19.29
09/28/2018,$19.46,2141255,$19.18,$19.72,$19.12
09/27/2018,$19.24,1695985,$19.43,$19.66,$19.1359
09/26/2018,$19.27,2507624,$18.65,$19.46,$18.54
09/25/2018,$18.74,1770321,$18.91,$18.95,$18.40
09/24/2018,$18.84,2052994,$18.63,$18.97,$18.29
09/21/2018,$18.70,5677365,$18.32,$18.89,$18.15
09/20/2018,$18.15,5526184,$17.44,$18.45,$17.44
09/19/2018,$17.28,1974730,$17.34,$17.61,$17.044
09/18/2018,$17.46,3147891,$17.68,$17.83,$17.41
09/17/2018,$17.67,2868282,$17.70,$18.05,$17.48
09/14/2018,$17.74,3056111,$18.38,$18.39,$17.43
09/13/2018,$18.35,1371192,$18.65,$18.75,$18.27
09/12/2018,$18.64,1548542,$18.71,$18.84,$18.585
09/11/2018,$18.76,2252320,$18.77,$18.91,$18.63
09/10/2018,$18.72,2440819,$18.50,$18.90,$18.44
09/07/2018,$18.42,3230986,$19.05,$19.19,$18.315
09/06/2018,$19.18,1950842,$19.21,$19.50,$19.06
09/05/2018,$19.19,2830124,$19.27,$19.31,$18.61
09/04/2018,$19.31,3048736,$18.92,$19.42,$18.92
08/31/2018,$18.97,1896435,$19.08,$19.20,$18.81
08/30/2018,$19.04,2219478,$19.19,$19.35,$18.87
08/29/2018,$19.30,6093011,$18.72,$19.32,$17.87
08/28/2018,$19.29,1628482,$19.00,$19.37,$18.85
08/27/2018,$19.03,1958016,$19.73,$19.775,$18.97
08/24/2018,$19.71,2173428,$19.86,$19.94,$19.53
08/23/2018,$19.94,1944521,$19.80,$20.04,$19.67
08/22/2018,$19.82,1408557,$19.85,$20.24,$19.68
08/21/2018,$19.86,1830325,$19.64,$20.02,$19.64
08/20/2018,$19.45,2014854,$18.93,$19.47,$18.93
08/17/2018,$18.92,1214876,$19.19,$19.30,$18.92
08/16/2018,$19.22,1262902,$19.16,$19.34,$18.94
08/15/2018,$19.02,2345202,$19.54,$19.59,$18.87
08/14/2018,$19.79,2653353,$19.31,$20.03,$19.25
08/13/2018,$19.21,2758088,$19.25,$19.69,$19.07
08/10/2018,$19.14,1468548,$18.98,$19.27,$18.95
08/09/2018,$19.15,1891991,$18.79,$19.25,$18.73
08/08/2018,$18.76,1932634,$18.49,$18.88,$18.49
08/07/2018,$18.49,1946333,$18.38,$18.61,$18.30
08/06/2018,$18.37,1806239,$18.28,$18.48,$18.1068
08/03/2018,$18.38,3051145,$18.27,$18.93,$18.25
08/02/2018,$18.17,2784574,$17.67,$18.25,$17.63
08/01/2018,$17.77,4018336,$18.38,$18.69,$17.66
07/31/2018,$18.74,3102941,$18.82,$19.145,$18.5584
07/30/2018,$18.68,2421053,$19.12,$19.19,$18.66
07/27/2018,$19.28,4570334,$20.31,$20.66,$18.44
07/26/2018,$20.55,5609481,$19.74,$21.02,$18.85
07/25/2018,$19.74,3173792,$19.09,$19.76,$18.86
07/24/2018,$19.24,2735605,$19.92,$19.96,$19.19
07/23/2018,$19.83,1551623,$20.02,$20.14,$19.7344
07/20/2018,$20.02,1460228,$20.17,$20.53,$19.99
07/19/2018,$20.19,2817510,$19.92,$20.34,$19.72
07/18/2018,$20.02,3865108,$20.00,$20.375,$19.92
07/17/2018,$20.01,2610923,$20.00,$20.3299,$19.94
07/16/2018,$20.11,2564613,$20.15,$20.41,$19.995
07/13/2018,$20.23,2434976,$20.53,$20.72,$19.875
07/12/2018,$20.50,1925660,$21.00,$21.00,$20.435
07/11/2018,$20.84,1385699,$20.84,$21.24,$20.725
07/10/2018,$21.15,1796021,$20.84,$21.16,$20.7441
07/09/2018,$20.80,2880830,$20.97,$21.03,$20.32
07/06/2018,$20.87,1268591,$20.75,$21.13,$20.665
07/05/2018,$20.75,1815984,$21.20,$21.26,$20.45
07/03/2018,$21.10,1491535,$21.24,$21.485,$21.04
07/02/2018,$21.15,3962935,$20.95,$21.36,$20.54
06/29/2018,$21.08,4638733,$22.19,$22.68,$21.04
06/28/2018,$21.84,3322946,$21.15,$21.855,$21.02
06/27/2018,$21.22,2792682,$21.05,$21.795,$20.91
06/26/2018,$21.08,2043268,$20.79,$21.29,$20.6648
06/25/2018,$20.76,2945659,$20.67,$20.91,$20.21
06/22/2018,$20.79,3344068,$21.27,$21.36,$20.77
06/21/2018,$21.08,1916109,$21.16,$21.67,$21.025
06/20/2018,$21.36,2494254,$21.07,$21.43,$20.86
06/19/2018,$20.86,3272388,$21.17,$21.43,$20.7248
06/18/2018,$21.56,3572733,$21.28,$21.57,$20.47
06/15/2018,$21.47,4358892,$21.55,$21.98,$21.34
06/14/2018,$21.73,3728642,$21.79,$22.12,$21.41
06/13/2018,$21.77,3293606,$22.04,$22.28,$21.73
06/12/2018,$22.13,3171838,$22.29,$22.30,$21.95
06/11/2018,$22.17,4748411,$22.44,$22.50,$22.11
06/08/2018,$22.40,4481186,$21.57,$22.40,$21.38
06/07/2018,$21.65,5458348,$22.39,$22.46,$21.41
06/06/2018,$22.10,9960375,$21.46,$22.58,$21.32
06/05/2018,$21.30,5343856,$20.47,$21.30,$20.10
06/04/2018,$20.47,6041438,$19.52,$20.60,$19.42
06/01/2018,$19.33,2977392,$19.12,$19.43,$18.95
05/31/2018,$18.92,3967958,$19.25,$19.535,$18.88
05/30/2018,$19.20,3290988,$18.65,$19.29,$18.65
05/29/2018,$18.57,2722564,$18.65,$18.85,$18.3048
05/25/2018,$18.88,4150907,$18.46,$18.93,$18.34
05/24/2018,$18.39,2925619,$17.91,$18.50,$17.79
05/23/2018,$17.89,1725084,$17.78,$18.18,$17.75
05/22/2018,$17.81,1621033,$18.04,$18.16,$17.76
05/21/2018,$17.97,1497772,$18.03,$18.08,$17.735
05/18/2018,$18.00,2952151,$17.86,$18.07,$17.58
05/17/2018,$17.84,4480028,$18.25,$18.40,$17.79
05/16/2018,$18.31,6689402,$17.21,$18.52,$17.15
05/15/2018,$17.13,4646057,$16.65,$17.57,$16.575
05/14/2018,$16.66,1582771,$16.95,$16.959,$16.45
05/11/2018,$16.90,2137861,$16.70,$16.975,$16.50
05/10/2018,$16.64,1790970,$16.54,$16.72,$16.37
05/09/2018,$16.51,2289307,$16.51,$16.55,$16.17
05/08/2018,$16.51,3578227,$16.20,$16.715,$16.17
05/07/2018,$16.25,2979014,$15.86,$16.26,$15.69
05/04/2018,$15.73,2254113,$15.55,$15.79,$15.24
05/03/2018,$15.57,3518558,$16.29,$16.32,$15.46
05/02/2018,$16.37,6221894,$15.92,$16.82,$15.89
05/01/2018,$16.15,10258690,$14.77,$16.18,$14.39
04/30/2018,$15.35,4749964,$15.37,$15.72,$15.15
04/27/2018,$15.37,5476329,$14.86,$15.85,$14.81
04/26/2018,$14.69,1860729,$14.34,$14.71,$14.16
04/25/2018,$14.32,2255050,$14.85,$14.87,$14.22
04/24/2018,$14.81,2998840,$14.68,$15.17,$14.60
04/23/2018,$14.61,3519766,$14.18,$14.75,$14.18
04/20/2018,$13.99,1612603,$13.99,$14.18,$13.915
04/19/2018,$14.01,1566977,$14.02,$14.14,$13.90
04/18/2018,$14.02,2468766,$14.23,$14.37,$13.98
04/17/2018,$14.20,2678952,$14.44,$14.45,$14.19
04/16/2018,$14.35,1528287,$14.41,$14.48,$14.27
04/13/2018,$14.34,3016977,$15.09,$15.16,$14.25
04/12/2018,$14.99,1639663,$14.73,$15.06,$14.62
04/11/2018,$14.71,2044848,$14.36,$14.82,$14.36
04/10/2018,$14.58,1850269,$14.60,$14.62,$14.36
04/09/2018,$14.40,2432596,$14.83,$14.83,$14.38
04/06/2018,$14.75,2216519,$15.10,$15.22,$14.59
04/05/2018,$15.19,3422154,$15.55,$15.86,$15.05
04/04/2018,$15.64,6666660,$14.59,$15.8352,$14.57
04/03/2018,$14.73,3206588,$14.08,$14.77,$14.01
04/02/2018,$13.99,3548070,$13.99,$14.16,$13.84
03/29/2018,$14.35,2438895,$14.31,$14.60,$14.245
03/28/2018,$14.19,2413700,$14.37,$14.60,$14.13
03/27/2018,$14.32,4122350,$14.46,$14.675,$14.235
03/26/2018,$14.46,3817654,$14.00,$14.52,$13.66
03/23/2018,$13.72,2513825,$13.80,$14.04,$13.62
03/22/2018,$13.71,2052401,$13.94,$14.12,$13.70
03/21/2018,$14.07,2244620,$13.93,$14.23,$13.93
03/20/2018,$14.01,2990119,$14.12,$14.25,$13.915
03/19/2018,$14.07,2932363,$14.02,$14.24,$13.81
03/16/2018,$14.08,4076157,$13.87,$14.2593,$13.69
03/15/2018,$13.83,2784578,$14.06,$14.25,$13.76
03/14/2018,$14.02,6165707,$14.59,$14.72,$13.80
03/13/2018,$14.58,4459876,$15.22,$15.45,$14.56
03/12/2018,$15.24,3178711,$15.20,$15.34,$15.00
03/09/2018,$15.18,2703257,$15.41,$15.50,$15.03
03/08/2018,$15.29,2213546,$15.57,$15.64,$15.20
03/07/2018,$15.50,2660674,$15.53,$15.73,$15.4025
03/06/2018,$15.73,3994091,$15.55,$15.85,$15.36
03/05/2018,$15.56,3609894,$15.13,$15.70,$15.03
03/02/2018,$15.23,5518701,$14.20,$15.295,$14.02
03/01/2018,$14.39,5491425,$15.06,$15.13,$14.32
02/28/2018,$15.05,3594583,$15.22,$15.30,$14.885
02/27/2018,$15.09,3281459,$15.51,$15.9248,$15.0839
02/26/2018,$15.42,3367793,$15.32,$15.59,$15.22
02/23/2018,$15.30,2209928,$15.05,$15.41,$14.94
02/22/2018,$14.97,2887597,$15.37,$15.51,$14.91
02/21/2018,$15.32,3005289,$15.49,$15.74,$15.31
02/20/2018,$15.41,4584827,$15.70,$16.135,$15.34
02/16/2018,$15.78,5413610,$16.44,$16.83,$15.74
02/15/2018,$16.54,8753802,$16.16,$16.74,$15.72
02/14/2018,$16.14,10597790,$15.13,$16.33,$14.45
02/13/2018,$15.29,20721300,$14.55,$15.65,$14.49
02/12/2018,$13.18,8038274,$12.61,$13.43,$12.60
02/09/2018,$12.46,5617444,$12.08,$12.63,$11.92
02/08/2018,$11.95,3267532,$12.14,$12.25,$11.70
02/07/2018,$12.15,3774931,$12.08,$12.53,$12.05
02/06/2018,$12.05,6079580,$11.65,$12.12,$11.41
02/05/2018,$11.87,3070574,$12.25,$12.54,$11.86
02/02/2018,$12.41,2606824,$12.64,$12.765,$12.30
02/01/2018,$12.70,2924568,$12.67,$12.91,$12.51
01/31/2018,$12.85,3171929,$13.02,$13.05,$12.75
01/30/2018,$12.99,3011723,$13.08,$13.20,$12.7699
01/29/2018,$13.18,3510720,$13.15,$13.415,$13.15
01/26/2018,$13.27,2543197,$13.30,$13.42,$13.15
01/25/2018,$13.31,3314799,$13.73,$13.73,$13.14
01/24/2018,$13.61,3963707,$13.61,$13.76,$13.23
01/23/2018,$13.59,4143293,$13.36,$13.75,$13.29
01/22/2018,$13.28,4735056,$12.85,$13.28,$12.67
01/19/2018,$12.85,6099584,$12.40,$12.98,$12.3968
01/18/2018,$12.37,6690703,$12.33,$12.39,$12.16
01/17/2018,$12.39,7003885,$12.57,$12.66,$12.27
01/16/2018,$12.48,14246190,$13.74,$13.88,$12.30
01/12/2018,$14.14,4573554,$14.21,$14.39,$13.90
01/11/2018,$14.13,6413441,$13.95,$14.49,$13.82
01/10/2018,$13.94,5959608,$13.85,$14.05,$13.67
01/09/2018,$14.10,8788046,$14.16,$14.62,$13.97
01/08/2018,$14.78,4838124,$14.69,$15.139,$14.64
01/05/2018,$14.73,9385055,$14.75,$15.69,$14.71
01/04/2018,$14.75,6025250,$14.44,$14.79,$14.28
01/03/2018,$14.40,4836220,$13.97,$14.47,$13.97
01/02/2018,$13.97,6264575,$13.45,$14.01,$13.23
12/29/2017,$13.32,6669383,$14.07,$14.14,$13.2946
12/28/2017,$14.14,4596346,$14.22,$14.27,$14.00
12/27/2017,$14.23,5029282,$14.10,$14.561,$14.05
12/26/2017,$14.07,3031444,$13.73,$14.10,$13.66
12/22/2017,$13.80,6300618,$13.81,$13.92,$13.4653
12/21/2017,$13.95,6588500,$13.77,$13.97,$13.59
12/20/2017,$13.72,5347516,$14.04,$14.14,$13.585
12/19/2017,$14.10,4616080,$14.30,$14.36,$14.00
12/18/2017,$14.24,10295370,$13.91,$14.33,$13.41
12/15/2017,$13.62,18498740,$12.83,$13.93,$12.80
12/14/2017,$12.45,2645001,$12.38,$12.545,$12.21
12/13/2017,$12.36,2792715,$12.44,$12.48,$12.20
12/12/2017,$12.38,3504383,$12.18,$12.42,$12.08
12/11/2017,$12.18,3249706,$12.20,$12.2277,$11.93
12/08/2017,$12.19,3885305,$11.95,$12.29,$11.78
12/07/2017,$11.93,3203393,$11.57,$12.00,$11.56
12/06/2017,$11.55,3520601,$11.65,$11.71,$11.368
12/05/2017,$11.72,3004955,$12.02,$12.08,$11.6625
12/04/2017,$11.98,3457695,$11.85,$12.09,$11.84
12/01/2017,$11.73,4207416,$11.90,$11.905,$11.53
11/30/2017,$11.93,4251689,$12.18,$12.42,$11.84
11/29/2017,$12.18,5616814,$11.57,$12.25,$11.56
11/28/2017,$11.51,2697313,$11.35,$11.56,$11.25
11/27/2017,$11.35,3451827,$11.62,$11.72,$11.27
11/24/2017,$11.59,2187890,$11.71,$11.75,$11.53
11/22/2017,$11.67,3864465,$11.34,$11.775,$11.245
11/21/2017,$11.36,10576650,$12.10,$12.17,$11.31
11/20/2017,$12.07,6060091,$11.75,$12.08,$11.72
11/17/2017,$11.73,7986027,$11.50,$11.88,$11.38
11/16/2017,$11.28,3843718,$11.11,$11.30,$10.89
11/15/2017,$11.11,4797503,$10.80,$11.34,$10.70
11/14/2017,$10.92,3579822,$10.95,$11.06,$10.74
11/13/2017,$10.95,7018510,$11.35,$11.52,$10.91
11/10/2017,$11.37,7664378,$11.01,$11.40,$10.95
11/09/2017,$10.99,8036259,$10.86,$11.24,$10.73
11/08/2017,$10.83,5559742,$10.73,$10.87,$10.525
11/07/2017,$10.74,7908586,$11.10,$11.22,$10.67
11/06/2017,$10.97,8861674,$10.50,$11.03,$10.36
11/03/2017,$10.59,8893119,$10.93,$10.95,$10.54
11/02/2017,$10.84,18828730,$11.23,$11.42,$10.42
11/01/2017,$11.29,21607710,$11.46,$11.82,$10.91
10/31/2017,$11.53,36935160,$13.02,$13.36,$11.40
10/30/2017,$14.74,8781503,$14.17,$14.87,$14.11
10/27/2017,$14.40,5450515,$14.61,$14.68,$14.30
10/26/2017,$14.65,5011346,$14.60,$14.825,$14.42
10/25/2017,$14.65,5814250,$14.79,$14.84,$14.29
10/24/2017,$14.83,5476608,$15.27,$15.27,$14.77
10/23/2017,$15.22,5160515,$15.81,$15.94,$15.19
10/20/2017,$15.91,6757463,$15.12,$16.02,$15.11
10/19/2017,$15.02,2137829,$14.92,$15.15,$14.90
10/18/2017,$14.98,2481587,$15.13,$15.21,$14.94
10/17/2017,$15.11,2168625,$14.97,$15.18,$14.85
10/16/2017,$14.98,2416428,$14.85,$15.11,$14.8462
10/13/2017,$14.95,3971482,$15.22,$15.345,$14.85
10/12/2017,$15.22,2807065,$15.05,$15.255,$14.88
10/11/2017,$15.15,2484878,$15.45,$15.45,$15.10
10/10/2017,$15.51,2340288,$15.38,$15.69,$15.31
10/09/2017,$15.30,2691869,$15.45,$15.48,$15.07
10/06/2017,$15.46,4305122,$15.00,$15.60,$15.00
10/05/2017,$15.03,3146738,$15.05,$15.19,$14.84
10/04/2017,$15.03,2798171,$15.25,$15.375,$15.02
10/03/2017,$15.26,2527489,$15.10,$15.34,$15.03
10/02/2017,$15.08,3161537,$15.07,$15.09,$14.83
09/29/2017,$15.02,4253694,$15.09,$15.17,$14.96
09/28/2017,$15.07,2509465,$15.03,$15.15,$14.95
09/27/2017,$15.06,5092264,$15.12,$15.14,$14.80
09/26/2017,$15.14,3549880,$15.45,$15.52,$15.10
09/25/2017,$15.39,3477593,$15.17,$15.65,$15.17
09/22/2017,$15.04,2378067,$15.06,$15.2799,$15.031
09/21/2017,$15.13,2583645,$15.27,$15.27,$15.08
09/20/2017,$15.24,4557216,$15.70,$15.70,$15.095
09/19/2017,$15.70,4988064,$15.87,$15.93,$15.58
09/18/2017,$16.14,2505788,$16.48,$16.58,$16.06
09/15/2017,$16.46,3216917,$16.48,$16.55,$16.325
09/14/2017,$16.52,3726960,$16.85,$16.88,$16.29
09/13/2017,$16.87,3903076,$16.29,$16.89,$16.14
09/12/2017,$16.25,3147427,$16.19,$16.26,$15.815
09/11/2017,$16.34,2825140,$16.27,$16.49,$16.15
09/08/2017,$16.12,2234235,$15.98,$16.30,$15.915
09/07/2017,$15.98,2825185,$15.86,$16.02,$15.8301
09/06/2017,$15.80,2413618,$15.68,$15.96,$15.68
09/05/2017,$15.62,2707232,$15.26,$15.81,$15.21
09/01/2017,$15.39,3544314,$15.23,$15.51,$14.98
08/31/2017,$15.10,3580316,$15.21,$15.32,$15.085
08/30/2017,$15.18,3756280,$15.35,$15.45,$15.15
08/29/2017,$15.34,4401907,$15.50,$15.60,$15.05
08/28/2017,$15.78,2053135,$15.90,$15.94,$15.71
08/25/2017,$15.94,2344722,$15.83,$15.96,$15.74
08/24/2017,$15.73,2352759,$15.66,$15.93,$15.561
08/23/2017,$15.55,1857136,$15.34,$15.64,$15.34
08/22/2017,$15.42,2867321,$15.20,$15.4848,$15.12
08/21/2017,$15.15,5892441,$15.60,$15.615,$15.10
08/18/2017,$15.64,5380748,$16.03,$16.10,$15.54
08/17/2017,$16.28,3761688,$16.60,$16.699,$16.28
08/16/2017,$16.68,2561487,$16.72,$16.895,$16.66
08/15/2017,$16.66,6949249,$16.70,$16.855,$16.35
08/14/2017,$17.11,2569019,$16.86,$17.13,$16.84
08/11/2017,$16.80,1949826,$16.71,$17.00,$16.69
08/10/2017,$16.82,3543017,$16.96,$17.00,$16.65
08/09/2017,$17.17,2379527,$17.02,$17.42,$17.02
08/08/2017,$17.21,4376008,$16.71,$17.29,$16.709
08/07/2017,$16.63,2947954,$16.60,$16.70,$16.43
08/04/2017,$16.61,4044950,$16.46,$16.75,$16.43
08/03/2017,$16.34,5188554,$16.47,$16.64,$16.26
08/02/2017,$16.47,6106490,$16.19,$16.4766,$16.02
08/01/2017,$16.23,23205230,$17.01,$17.19,$16.15
07/31/2017,$18.11,6833822,$17.38,$18.50,$17.38
07/28/2017,$17.36,2996804,$17.36,$17.4738,$17.21
07/27/2017,$17.37,5225688,$17.62,$17.70,$17.17
07/26/2017,$17.55,5816406,$18.17,$18.26,$17.46
07/25/2017,$18.12,4280500,$18.07,$18.40,$18.05
07/24/2017,$18.26,8229922,$18.60,$18.76,$18.23
07/21/2017,$18.84,3767734,$18.98,$19.20,$18.575
07/20/2017,$19.05,1833280,$19.00,$19.3922,$18.9864
07/19/2017,$18.91,1795271,$18.66,$19.015,$18.66
07/18/2017,$18.68,3522868,$18.75,$18.989,$18.41
07/17/2017,$18.82,3056994,$19.00,$19.20,$18.72
07/14/2017,$18.93,2970054,$18.65,$19.05,$18.63
07/13/2017,$18.63,2203001,$18.64,$18.96,$18.60
07/12/2017,$18.58,2674069,$19.03,$19.178,$18.55
07/11/2017,$18.92,2684019,$19.07,$19.07,$18.54
07/10/2017,$19.13,2310078,$19.20,$19.2258,$18.71
07/07/2017,$19.22,2148847,$19.10,$19.41,$18.88
07/06/2017,$19.10,3784474,$20.22,$20.25,$19.02
07/05/2017,$20.40,1931975,$20.50,$20.5301,$20.22
07/03/2017,$20.52,2086423,$20.24,$20.60,$20.20
06/30/2017,$20.16,2481299,$20.03,$20.33,$19.89
06/29/2017,$19.80,2720988,$20.11,$20.40,$19.65
06/28/2017,$20.00,2460930,$20.01,$20.48,$19.96
06/27/2017,$19.90,2378884,$19.97,$20.26,$19.742
06/26/2017,$19.92,2192109,$19.65,$20.075,$19.59
06/23/2017,$19.65,3007746,$19.24,$19.685,$19.02
06/22/2017,$19.24,2743873,$18.80,$19.78,$18.688
06/21/2017,$18.75,4383882,$19.06,$19.09,$18.52
06/20/2017,$19.01,3296307,$19.66,$19.67,$19.00
06/19/2017,$19.67,2350943,$19.69,$19.83,$19.43
06/16/2017,$19.68,4406629,$20.27,$20.29,$19.24
06/15/2017,$20.33,3978833,$20.49,$20.76,$20.15
06/14/2017,$21.09,4181255,$21.25,$21.25,$20.74
06/13/2017,$21.25,6620109,$21.46,$21.805,$20.87
06/12/2017,$21.20,5915569,$20.18,$21.35,$20.16
06/09/2017,$20.21,3640288,$19.64,$20.30,$19.60
06/08/2017,$19.60,3481984,$19.31,$19.94,$19.28
06/07/2017,$19.22,4888619,$19.02,$19.55,$19.00
06/06/2017,$18.97,2712676,$18.87,$19.0575,$18.54
06/05/2017,$18.95,2386167,$18.71,$19.04,$18.441
06/02/2017,$18.72,3450176,$18.55,$18.935,$18.47
06/01/2017,$18.39,3322605,$17.90,$18.48,$17.79
05/31/2017,$17.83,3680816,$18.02,$18.03,$17.47
05/30/2017,$18.01,2484138,$18.10,$18.37,$17.91
05/26/2017,$18.07,1569892,$18.05,$18.22,$17.86
05/25/2017,$18.01,2372070,$18.20,$18.51,$17.95
05/24/2017,$18.11,2310676,$18.04,$18.18,$17.98
05/23/2017,$18.04,2155384,$18.00,$18.21,$17.93
05/22/2017,$17.92,2182295,$17.86,$18.1761,$17.77
05/19/2017,$17.86,4110457,$17.58,$17.92,$17.2127
05/18/2017,$17.63,3020144,$17.70,$17.87,$17.41
05/17/2017,$17.70,4446381,$17.89,$18.02,$17.61
05/16/2017,$17.97,6203820,$18.50,$18.52,$17.93
05/15/2017,$18.65,4375973,$18.90,$19.19,$18.60
05/12/2017,$18.90,3019104,$19.26,$19.38,$18.82
05/11/2017,$19.45,3582221,$19.75,$19.80,$19.00
05/10/2017,$19.65,2322468,$19.86,$19.94,$19.61
05/09/2017,$19.81,3111729,$19.11,$19.96,$19.105
05/08/2017,$19.12,3728441,$19.09,$19.28,$18.86
05/05/2017,$19.09,3038879,$18.92,$19.10,$18.78
05/04/2017,$18.81,3109606,$18.58,$18.885,$18.42
05/03/2017,$18.69,3461832,$18.80,$18.80,$18.42
05/02/2017,$18.73,4153074,$19.23,$19.23,$18.58
05/01/2017,$19.02,4011442,$19.39,$19.40,$18.89
04/28/2017,$19.41,4129429,$19.70,$19.75,$19.35
04/27/2017,$19.82,15153960,$19.12,$20.00,$19.00
04/26/2017,$18.14,5068395,$18.05,$18.385,$17.97
04/25/2017,$17.97,2874407,$17.96,$18.14,$17.83
04/24/2017,$17.93,4068154,$17.76,$17.96,$17.46
04/21/2017,$17.53,4004441,$18.10,$18.12,$17.52
04/20/2017,$18.11,2519689,$17.97,$18.175,$17.80
04/19/2017,$17.93,1906191,$17.81,$18.10,$17.69
04/18/2017,$17.76,1405061,$17.73,$17.80,$17.62
04/17/2017,$17.79,2744167,$17.81,$17.83,$17.53
04/13/2017,$17.76,1943342,$17.86,$17.92,$17.69
04/12/2017,$17.86,1984173,$17.99,$18.095,$17.80
04/11/2017,$18.04,2566951,$18.19,$18.22,$17.77
04/10/2017,$18.19,3623471,$18.42,$18.45,$17.96
04/07/2017,$18.43,4058703,$18.90,$18.94,$18.33
04/06/2017,$19.04,5055576,$18.72,$19.38,$18.60
04/05/2017,$18.56,7399979,$18.08,$19.08,$18.02
04/04/2017,$18.02,4668299,$18.22,$18.25,$17.88
04/03/2017,$18.35,6414820,$18.61,$18.63,$18.01
03/31/2017,$18.30,2765867,$18.40,$18.56,$18.23
03/30/2017,$18.37,3346874,$18.63,$18.74,$18.34
03/29/2017,$18.84,4787634,$18.43,$19.05,$18.305
03/28/2017,$18.49,2663375,$18.36,$18.57,$18.25
03/27/2017,$18.30,3651707,$18.06,$18.52,$17.945
03/24/2017,$18.16,6694992,$18.13,$18.525,$17.9798
03/23/2017,$17.44,2244758,$17.47,$17.75,$17.35
03/22/2017,$17.51,3975095,$17.24,$17.53,$17.05
03/21/2017,$17.52,4756752,$18.16,$18.21,$17.27
03/20/2017,$18.26,2101693,$18.08,$18.28,$17.88
03/17/2017,$18.08,3866491,$18.27,$18.29,$17.91
03/16/2017,$18.17,2747957,$17.83,$18.3399,$17.67
03/15/2017,$17.83,2209755,$17.67,$17.96,$17.52
03/14/2017,$17.62,2770040,$17.50,$17.705,$17.40
03/13/2017,$17.56,3275341,$17.81,$17.88,$17.51
03/10/2017,$17.75,3194148,$17.75,$18.2383,$17.6947
03/09/2017,$17.69,4011582,$17.75,$17.76,$17.37
03/08/2017,$17.75,3671195,$18.10,$18.15,$17.735
03/07/2017,$18.11,4527237,$18.25,$18.27,$17.82
03/06/2017,$18.31,3002108,$18.62,$18.64,$18.20
03/03/2017,$18.64,2660366,$18.98,$19.0241,$18.529
03/02/2017,$18.96,2784538,$18.58,$19.03,$18.54
03/01/2017,$18.58,3991134,$18.75,$18.80,$18.42
02/28/2017,$18.56,4602687,$19.28,$19.35,$18.50
02/27/2017,$19.28,4605295,$19.45,$19.52,$19.18
02/24/2017,$19.83,3527154,$19.55,$19.88,$19.295
02/23/2017,$19.64,3441776,$19.87,$19.87,$19.57
02/22/2017,$19.78,3964332,$19.77,$20.23,$19.57
02/21/2017,$19.69,2712269,$19.81,$19.91,$19.60
02/17/2017,$19.75,4777932,$19.60,$19.895,$19.50
02/16/2017,$19.63,4232165,$19.94,$19.98,$19.45
02/15/2017,$19.86,7103754,$19.35,$19.91,$19.16
02/14/2017,$19.41,6271298,$18.86,$19.48,$18.85
02/13/2017,$18.65,4708137,$19.25,$19.2622,$18.53
02/10/2017,$19.04,6248166,$19.56,$19.56,$18.86
02/09/2017,$19.30,9272315,$18.35,$19.33,$18.33
02/08/2017,$18.30,6754231,$17.80,$18.44,$17.80
02/07/2017,$17.79,7793865,$18.14,$18.28,$17.77
02/06/2017,$18.14,5214493,$18.31,$18.40,$18.10
02/03/2017,$18.19,6404467,$18.25,$18.30,$18.02
02/02/2017,$18.12,12618230,$18.81,$18.81,$18.05
02/01/2017,$18.80,14791250,$19.50,$19.56,$18.76
01/31/2017,$19.22,56981100,$18.78,$20.08,$18.52
01/30/2017,$25.09,3266482,$25.56,$25.59,$24.8247
01/27/2017,$25.52,1901571,$25.50,$25.64,$25.10
01/26/2017,$25.50,1402247,$25.78,$26.25,$25.36
01/25/2017,$25.69,2129786,$25.44,$25.78,$25.40
01/24/2017,$25.12,2384123,$25.00,$25.21,$24.91
01/23/2017,$24.96,3060007,$25.19,$25.19,$24.50
01/20/2017,$25.16,3215856,$25.48,$25.54,$24.90
01/19/2017,$25.26,3873125,$25.60,$25.74,$24.90
01/18/2017,$25.35,2691744,$26.23,$26.25,$25.25
01/17/2017,$26.20,2420878,$26.44,$26.47,$25.97
01/13/2017,$26.50,3140073,$26.79,$26.92,$26.119
01/12/2017,$26.84,1294995,$26.91,$26.99,$26.57
01/11/2017,$26.98,1777570,$27.45,$27.48,$26.75
01/10/2017,$27.32,1710944,$27.12,$27.6352,$27.06
01/09/2017,$27.02,2814288,$27.47,$27.53,$26.8441
01/06/2017,$27.04,3766298,$26.46,$27.07,$26.41
01/05/2017,$26.21,2522963,$26.45,$26.47,$26.03
01/04/2017,$26.57,2622427,$26.00,$26.72,$25.93
01/03/2017,$25.76,1996689,$25.49,$25.85,$25.25
12/30/2016,$25.17,3573679,$25.17,$25.33,$24.92
12/29/2016,$25.12,1784172,$25.28,$25.36,$25.07
12/28/2016,$25.23,1628849,$25.22,$25.345,$24.86
12/27/2016,$25.18,1685863,$25.23,$25.50,$25.11
12/23/2016,$25.23,1442710,$25.63,$25.7333,$25.16
12/22/2016,$25.48,2436217,$26.07,$26.16,$25.36
12/21/2016,$26.05,3753998,$25.96,$26.11,$25.48
12/20/2016,$25.69,3049827,$25.48,$25.92,$25.47
12/19/2016,$25.37,2732331,$25.74,$25.80,$25.26
12/16/2016,$25.48,2963083,$25.89,$26.16,$25.45
12/15/2016,$25.80,3918598,$26.79,$26.79,$25.50
12/14/2016,$26.57,2828768,$27.37,$27.40,$26.44
12/13/2016,$27.34,2895308,$27.70,$27.98,$27.17
12/12/2016,$27.61,3196554,$28.90,$29.06,$27.50
12/09/2016,$28.81,4014093,$29.41,$29.53,$28.28
12/08/2016,$28.82,6930131,$28.10,$28.85,$27.44
12/07/2016,$27.03,6509976,$26.65,$27.28,$26.02
12/06/2016,$25.41,1202257,$25.45,$25.52,$25.01
12/05/2016,$25.06,1712935,$24.97,$25.37,$24.9001
12/02/2016,$24.77,1736134,$25.30,$25.32,$24.58
12/01/2016,$25.20,1568177,$25.98,$26.52,$25.14
11/30/2016,$25.78,2199829,$25.82,$26.22,$25.66
11/29/2016,$25.86,3222305,$26.77,$26.94,$25.64
11/28/2016,$26.29,7456085,$25.04,$26.63,$24.76
11/25/2016,$24.14,479124,$24.10,$24.24,$23.81
11/23/2016,$23.93,1308133,$24.19,$24.23,$23.7212
11/22/2016,$24.01,1845311,$23.93,$24.09,$23.51
11/21/2016,$23.80,1138437,$23.84,$24.179,$23.80
11/18/2016,$23.75,1805063,$25.23,$25.23,$23.565
11/17/2016,$25.27,803381,$25.48,$25.49,$24.83
11/16/2016,$25.32,1324180,$25.28,$25.42,$24.98
11/15/2016,$25.36,1148414,$25.01,$25.57,$24.80
11/14/2016,$24.88,1067002,$25.73,$25.85,$24.83
11/11/2016,$25.61,938829,$25.64,$26.13,$25.45
11/10/2016,$25.61,860885,$26.08,$26.73,$25.61
11/09/2016,$25.90,1353070,$25.11,$26.15,$24.63
11/08/2016,$26.09,764565,$25.98,$26.12,$25.69
11/07/2016,$25.94,1151267,$25.98,$26.15,$25.82
11/04/2016,$25.61,1291341,$25.22,$25.65,$25.22
11/03/2016,$25.30,1557021,$25.31,$25.70,$24.93
11/02/2016,$25.35,1637801,$25.36,$26.09,$25.1801
11/01/2016,$25.51,1917801,$26.01,$26.0984,$25.02
10/31/2016,$25.86,1483557,$25.89,$26.14,$25.53
10/28/2016,$25.91,2191878,$26.64,$26.72,$25.91
10/27/2016,$26.49,3365115,$27.64,$27.69,$25.96
10/26/2016,$27.46,6654753,$28.28,$28.37,$27.42
10/25/2016,$28.37,6815090,$28.09,$28.74,$27.5799
10/24/2016,$32.90,726299,$33.12,$33.40,$32.7452
10/21/2016,$32.96,870822,$33.15,$33.23,$32.78
10/20/2016,$33.42,925543,$33.83,$33.88,$33.29
10/19/2016,$34.02,598530,$33.34,$34.16,$33.34
10/18/2016,$33.31,516782,$33.17,$33.45,$32.99
10/17/2016,$32.76,387916,$33.50,$33.62,$32.69
10/14/2016,$33.62,543863,$33.99,$34.20,$33.51
10/13/2016,$33.39,588463,$33.23,$33.46,$32.78
10/12/2016,$33.76,719780,$33.17,$33.99,$33.10
10/11/2016,$33.21,615770,$33.31,$33.85,$33.04
10/10/2016,$33.27,626682,$33.40,$33.489,$33.17
10/07/2016,$32.85,485301,$33.01,$33.09,$32.67
10/06/2016,$32.90,587518,$33.24,$33.26,$32.628
10/05/2016,$33.38,1140025,$33.71,$33.99,$33.34
10/04/2016,$33.70,957622,$33.91,$34.29,$33.49
10/03/2016,$34.05,814176,$33.63,$34.14,$33.48
09/30/2016,$33.86,814210,$33.99,$34.16,$33.6414
09/29/2016,$33.68,457026,$34.23,$34.68,$33.67
09/28/2016,$34.37,977311,$34.05,$34.63,$33.86
09/27/2016,$33.97,832671,$33.45,$34.01,$33.16
09/26/2016,$33.58,462474,$34.00,$34.0492,$33.45
09/23/2016,$34.28,454105,$34.76,$34.935,$34.2592
09/22/2016,$34.70,500234,$34.49,$34.76,$34.33
09/21/2016,$34.30,560546,$33.61,$34.44,$33.40
09/20/2016,$33.46,755835,$33.90,$34.03,$33.40
09/19/2016,$33.83,834715,$34.30,$34.42,$33.75
09/16/2016,$34.21,1048059,$33.84,$34.377,$33.53
09/15/2016,$33.86,817903,$33.56,$33.97,$33.36
09/14/2016,$33.79,557945,$33.79,$34.37,$33.56
09/13/2016,$33.89,663327,$34.34,$34.63,$33.54
09/12/2016,$34.80,1058864,$33.86,$34.86,$33.7613
09/09/2016,$34.01,731750,$34.69,$34.99,$34.005
09/08/2016,$35.05,480753,$35.23,$35.7799,$34.8903
09/07/2016,$35.58,1029920,$34.86,$35.71,$34.6476
09/06/2016,$34.76,751342,$34.69,$35.09,$34.43
09/02/2016,$34.58,904905,$35.75,$35.75,$34.51
09/01/2016,$35.70,640601,$35.54,$35.81,$35.23
08/31/2016,$35.65,1211708,$36.85,$36.95,$35.56
08/30/2016,$37.36,633191,$37.74,$37.82,$37.14
08/29/2016,$37.90,520620,$38.02,$38.4613,$37.70
08/26/2016,$38.00,585499,$38.41,$38.53,$37.76
08/25/2016,$38.26,652949,$38.90,$39.14,$38.03
08/24/2016,$38.88,790864,$39.15,$39.50,$38.66
08/23/2016,$39.28,793594,$38.80,$39.45,$38.76
08/22/2016,$38.80,745420,$38.69,$42.9435,$38.37
08/19/2016,$38.76,736540,$38.12,$39.08,$37.97
08/18/2016,$37.95,468424,$37.75,$38.25,$37.73
08/17/2016,$37.92,688512,$38.50,$38.61,$37.72
08/16/2016,$38.65,1134121,$38.33,$38.78,$38.15
08/15/2016,$38.04,681293,$37.20,$38.47,$37.14
08/12/2016,$37.10,900170,$36.95,$37.50,$36.731
08/11/2016,$37.02,925013,$35.71,$37.38,$35.71
08/10/2016,$35.43,490101,$35.89,$36.39,$35.38
08/09/2016,$35.57,568612,$35.75,$36.26,$35.47
08/08/2016,$35.93,514122,$36.22,$36.873,$35.69
08/05/2016,$36.17,646783,$35.30,$36.395,$35.30
08/04/2016,$35.14,629516,$35.10,$35.64,$34.98
08/03/2016,$35.27,795669,$33.70,$35.45,$33.66
08/02/2016,$34.39,882694,$35.36,$35.41,$34.14
08/01/2016,$35.50,614412,$35.66,$36.13,$35.36
07/29/2016,$35.70,1040839,$35.39,$35.89,$35.14
07/28/2016,$35.75,577543,$35.73,$36.05,$35.1801
07/27/2016,$35.93,1135559,$37.50,$37.52,$35.43
07/26/2016,$37.50,3664288,$38.43,$39.42,$36.51
07/25/2016,$38.78,1865406,$37.40,$38.78,$36.92
07/22/2016,$37.48,564229,$37.02,$37.67,$36.80
07/21/2016,$37.27,621696,$36.54,$37.44,$36.54
07/20/2016,$36.79,1092535,$37.17,$37.27,$36.70
07/19/2016,$36.95,752065,$36.91,$37.3184,$36.81
07/18/2016,$37.20,472312,$37.22,$37.50,$37.145
07/15/2016,$37.23,872239,$37.13,$37.395,$36.98
07/14/2016,$37.02,862302,$37.38,$37.66,$36.86
07/13/2016,$37.22,956793,$37.61,$38.00,$36.933
07/12/2016,$37.87,1145461,$36.62,$38.07,$36.62
07/11/2016,$36.57,547205,$36.87,$36.955,$36.39
07/08/2016,$36.78,699994,$36.82,$37.10,$36.373
07/07/2016,$36.88,592469,$36.20,$36.88,$36.14
07/06/2016,$36.26,558256,$35.345,$36.27,$35.26
07/05/2016,$35.51,613243,$36.50,$36.62,$35.12
07/01/2016,$36.84,922536,$36.265,$36.9799,$36.2611
06/30/2016,$36.40,853283,$35.91,$36.42,$35.2201
06/29/2016,$35.91,1750614,$34.595,$36.11,$34.58
06/28/2016,$33.90,1570303,$32.25,$33.97,$32.115
06/27/2016,$31.90,1417595,$32.96,$33.075,$31.31
06/24/2016,$33.50,1992297,$32.85,$33.9132,$32.85
06/23/2016,$34.67,1260783,$34.55,$34.775,$34.40
06/22/2016,$34.32,635385,$34.95,$35.0099,$34.26
06/21/2016,$34.92,585531,$34.91,$35.48,$34.75
06/20/2016,$34.77,845879,$34.71,$35.17,$34.65
06/17/2016,$34.14,1302234,$33.72,$34.25,$33.60
06/16/2016,$33.48,1215871,$34.22,$34.27,$33.16
06/15/2016,$34.77,1062816,$34.45,$35.47,$34.45
06/14/2016,$34.40,1085939,$34.66,$34.75,$34.00
06/13/2016,$34.68,1254294,$35.62,$35.74,$34.62
06/10/2016,$35.79,616887,$35.75,$36.41,$35.70
06/09/2016,$36.14,1224965,$36.23,$36.315,$35.84
06/08/2016,$36.44,1287361,$35.67,$36.55,$35.2801
06/07/2016,$35.20,1441146,$34.80,$35.28,$34.21
06/06/2016,$34.40,1956465,$34.17,$34.57,$34.12
06/03/2016,$34.16,967813,$33.78,$34.32,$33.78
06/02/2016,$34.22,2785361,$33.67,$34.32,$33.66
06/01/2016,$33.72,3080985,$33.39,$33.755,$32.6259
05/31/2016,$34.97,6310530,$35.24,$35.40,$34.65
05/27/2016,$35.06,1105514,$34.97,$35.21,$34.84
05/26/2016,$34.92,874967,$35.51,$35.51,$34.91
05/25/2016,$35.48,1322956,$35.91,$36.00,$35.35
05/24/2016,$35.58,1143097,$35.01,$36.09,$34.99
05/23/2016,$34.83,683835,$35.53,$36.00,$34.75
05/20/2016,$35.58,1052853,$34.89,$35.65,$34.73
05/19/2016,$34.85,1047830,$33.78,$35.00,$33.78
05/18/2016,$34.22,980954,$34.33,$34.40,$33.70
05/17/2016,$34.47,1895456,$34.45,$34.74,$34.095
05/16/2016,$34.54,1695794,$34.58,$34.905,$34.45
05/13/2016,$34.71,1908143,$34.97,$35.23,$34.48
05/12/2016,$35.19,1634456,$35.57,$35.66,$34.81
05/11/2016,$35.23,1931045,$36.00,$36.1189,$34.805
05/10/2016,$36.55,1282790,$36.59,$37.28,$36.40
05/09/2016,$36.31,1705424,$36.31,$36.72,$35.9648
05/06/2016,$36.38,1346936,$37.00,$37.35,$36.27
05/05/2016,$37.49,1121629,$37.40,$38.17,$37.0801
05/04/2016,$37.39,4516145,$38.85,$38.90,$37.04
05/03/2016,$40.12,1538838,$39.42,$40.47,$39.42
05/02/2016,$40.27,1453786,$40.57,$40.82,$39.88
04/29/2016,$40.80,1964394,$41.71,$41.89,$40.47
04/28/2016,$41.89,1445833,$42.11,$43.09,$41.84
04/27/2016,$42.16,1280846,$44.19,$44.21,$41.75
04/26/2016,$43.95,2176788,$44.21,$44.89,$43.85
04/25/2016,$44.26,2105535,$44.89,$44.90,$44.11
04/22/2016,$45.06,2391354,$45.48,$46.18,$44.09
04/21/2016,$45.73,3270858,$46.35,$46.53,$43.99
04/20/2016,$42.76,2267344,$42.86,$43.57,$42.75
04/19/2016,$43.00,1636797,$42.55,$43.36,$42.25
04/18/2016,$42.42,2541724,$41.39,$42.54,$41.39
04/15/2016,$42.00,2344083,$41.82,$42.05,$41.1901
04/14/2016,$42.23,2525995,$41.99,$42.86,$41.91
04/13/2016,$41.80,4424692,$41.33,$42.68,$41.33
04/12/2016,$41.65,3613186,$41.25,$41.66,$40.23
04/11/2016,$41.46,4094034,$43.64,$43.68,$40.97
04/08/2016,$44.02,3602269,$41.61,$44.35,$41.3214
04/07/2016,$41.56,5917,$42.09,$42.13,$41.56
04/06/2016,$41.80,716,$41.35,$42.00,$41.06
04/05/2016,$41.09,1700,$40.50,$42.03,$40.50
04/04/2016,$40.75,950,$40.77,$42.16,$40.75
04/01/2016,$41.09,100,$41.09,$41.09,$41.09
03/31/2016,$41.72,600,$42.00,$42.00,$41.72
03/30/2016,$42.00,3725,$41.48,$42.00,$41.47
03/29/2016,$40.87,N/A,$40.87,$40.87,$40.87
03/28/2016,$40.87,N/A,$40.87,$40.87,$40.87
03/24/2016,$40.87,100,$40.87,$40.87,$40.87
03/23/2016,$41.50,200,$41.70,$41.70,$41.50
